-- MySQL dump 10.13  Distrib 8.0.25, for macos11 (x86_64)
--
-- Host: 88.198.46.232    Database: db_coursework
-- ------------------------------------------------------
-- Server version	8.0.23

/*!40101 SET @OLD_CHARACTER_SET_CLIENT=@@CHARACTER_SET_CLIENT */;
/*!40101 SET @OLD_CHARACTER_SET_RESULTS=@@CHARACTER_SET_RESULTS */;
/*!40101 SET @OLD_COLLATION_CONNECTION=@@COLLATION_CONNECTION */;
/*!50503 SET NAMES utf8 */;
/*!40103 SET @OLD_TIME_ZONE=@@TIME_ZONE */;
/*!40103 SET TIME_ZONE='+00:00' */;
/*!40014 SET @OLD_UNIQUE_CHECKS=@@UNIQUE_CHECKS, UNIQUE_CHECKS=0 */;
/*!40014 SET @OLD_FOREIGN_KEY_CHECKS=@@FOREIGN_KEY_CHECKS, FOREIGN_KEY_CHECKS=0 */;
/*!40101 SET @OLD_SQL_MODE=@@SQL_MODE, SQL_MODE='NO_AUTO_VALUE_ON_ZERO' */;
/*!40111 SET @OLD_SQL_NOTES=@@SQL_NOTES, SQL_NOTES=0 */;

--
-- Temporary view structure for view `PersonAllowedTeacherRank`
--

DROP TABLE IF EXISTS `PersonAllowedTeacherRank`;
/*!50001 DROP VIEW IF EXISTS `PersonAllowedTeacherRank`*/;
SET @saved_cs_client     = @@character_set_client;
/*!50503 SET character_set_client = utf8mb4 */;
/*!50001 CREATE VIEW `PersonAllowedTeacherRank` AS SELECT 
 1 AS `person_id`,
 1 AS `person_name`,
 1 AS `person_surname`,
 1 AS `sci_title`,
 1 AS `teacher_rank_id`,
 1 AS `teacher_rank_name`*/;
SET character_set_client = @saved_cs_client;

--
-- Temporary view structure for view `RandomCathedraTeachers`
--

DROP TABLE IF EXISTS `RandomCathedraTeachers`;
/*!50001 DROP VIEW IF EXISTS `RandomCathedraTeachers`*/;
SET @saved_cs_client     = @@character_set_client;
/*!50503 SET character_set_client = utf8mb4 */;
/*!50001 CREATE VIEW `RandomCathedraTeachers` AS SELECT 
 1 AS `teacher_id`,
 1 AS `cathedra_id`,
 1 AS `rnd`*/;
SET character_set_client = @saved_cs_client;

--
-- Table structure for table `aspirant`
--

DROP TABLE IF EXISTS `aspirant`;
/*!40101 SET @saved_cs_client     = @@character_set_client */;
/*!50503 SET character_set_client = utf8mb4 */;
CREATE TABLE `aspirant` (
  `id` int NOT NULL AUTO_INCREMENT,
  `cathedra_id` int NOT NULL,
  `person_id` int NOT NULL,
  PRIMARY KEY (`id`),
  KEY `fk_aspirant_cathedra1_idx` (`cathedra_id`),
  KEY `fk_aspirant_person1_idx` (`person_id`),
  CONSTRAINT `fk_aspirant_cathedra1` FOREIGN KEY (`cathedra_id`) REFERENCES `cathedra` (`id`),
  CONSTRAINT `fk_aspirant_person1` FOREIGN KEY (`person_id`) REFERENCES `person` (`id`)
) ENGINE=InnoDB AUTO_INCREMENT=17 DEFAULT CHARSET=utf8;
/*!40101 SET character_set_client = @saved_cs_client */;

--
-- Dumping data for table `aspirant`
--

LOCK TABLES `aspirant` WRITE;
/*!40000 ALTER TABLE `aspirant` DISABLE KEYS */;
INSERT INTO `aspirant` VALUES (2,7,596),(3,6,390),(4,4,358),(5,2,513),(6,5,603),(7,5,608),(8,1,435),(9,8,600),(10,1,398),(11,4,622);
/*!40000 ALTER TABLE `aspirant` ENABLE KEYS */;
UNLOCK TABLES;

--
-- Table structure for table `cathedra`
--

DROP TABLE IF EXISTS `cathedra`;
/*!40101 SET @saved_cs_client     = @@character_set_client */;
/*!50503 SET character_set_client = utf8mb4 */;
CREATE TABLE `cathedra` (
  `id` int NOT NULL AUTO_INCREMENT,
  `faculty_id` int NOT NULL,
  `name` varchar(45) NOT NULL,
  PRIMARY KEY (`id`),
  UNIQUE KEY `name_UNIQUE` (`name`),
  KEY `fk_cathedra_faculty1_idx` (`faculty_id`),
  CONSTRAINT `fk_cathedra_faculty1` FOREIGN KEY (`faculty_id`) REFERENCES `faculty` (`id`)
) ENGINE=InnoDB AUTO_INCREMENT=9 DEFAULT CHARSET=utf8;
/*!40101 SET character_set_client = @saved_cs_client */;

--
-- Dumping data for table `cathedra`
--

LOCK TABLES `cathedra` WRITE;
/*!40000 ALTER TABLE `cathedra` DISABLE KEYS */;
INSERT INTO `cathedra` VALUES (1,1,'Неорганічної хімії'),(2,1,'Органічної хімії'),(3,2,'Ядерної фізики'),(4,2,'Радіофізики'),(5,3,'Грибології'),(6,3,'Вірусології'),(7,4,'Арифметики'),(8,4,'Геометрії');
/*!40000 ALTER TABLE `cathedra` ENABLE KEYS */;
UNLOCK TABLES;

--
-- Table structure for table `cathedra_plan_assignment`
--

DROP TABLE IF EXISTS `cathedra_plan_assignment`;
/*!40101 SET @saved_cs_client     = @@character_set_client */;
/*!50503 SET character_set_client = utf8mb4 */;
CREATE TABLE `cathedra_plan_assignment` (
  `id` int NOT NULL AUTO_INCREMENT,
  `cathedra_plan_charge_id` int NOT NULL,
  `cathedra_teacher_id` int NOT NULL,
  `hours` decimal(10,0) NOT NULL,
  PRIMARY KEY (`id`),
  KEY `fk_cathedra_plan_assignment_cathedra_plan_charge1_idx` (`cathedra_plan_charge_id`),
  KEY `fk_cathedra_plan_assignment_cathedra_teachers1_idx` (`cathedra_teacher_id`),
  CONSTRAINT `fk_cathedra_plan_assignment_cathedra_plan_charge1` FOREIGN KEY (`cathedra_plan_charge_id`) REFERENCES `cathedra_plan_charge` (`id`),
  CONSTRAINT `fk_cathedra_plan_assignment_cathedra_teachers1` FOREIGN KEY (`cathedra_teacher_id`) REFERENCES `cathedra_teacher` (`id`)
) ENGINE=InnoDB AUTO_INCREMENT=128 DEFAULT CHARSET=utf8;
/*!40101 SET character_set_client = @saved_cs_client */;

--
-- Dumping data for table `cathedra_plan_assignment`
--

LOCK TABLES `cathedra_plan_assignment` WRITE;
/*!40000 ALTER TABLE `cathedra_plan_assignment` DISABLE KEYS */;
INSERT INTO `cathedra_plan_assignment` VALUES (1,73,135,704),(2,1,138,1452),(3,41,137,1236),(4,10,128,628),(5,74,135,904),(6,47,137,620),(7,96,141,504),(8,12,128,1184),(9,30,142,632),(10,59,135,1412),(11,75,135,624),(12,13,128,100),(13,76,135,1272),(14,67,135,1256),(15,92,141,232),(16,19,142,1044),(17,35,130,52),(18,31,142,816),(19,23,142,1140),(20,77,135,1224),(21,55,132,1092),(22,97,141,1244),(23,93,141,292),(24,32,142,84),(25,60,135,1304),(26,61,135,212),(27,52,137,948),(28,14,128,1172),(29,86,135,1312),(30,78,135,740),(31,68,135,752),(32,42,137,296),(33,87,135,288),(34,2,138,1312),(35,62,135,804),(36,94,141,844),(37,3,138,248),(38,15,128,1048),(39,79,135,540),(40,43,137,0),(41,16,128,1348),(42,44,137,948),(43,20,142,704),(44,4,138,144),(45,5,138,1100),(46,48,137,180),(47,24,142,1528),(48,36,130,1344),(49,88,135,960),(50,49,137,1484),(51,56,132,1432),(52,80,135,1576),(53,6,138,396),(54,57,132,160),(55,69,135,268),(56,63,135,1520),(57,64,135,1236),(58,81,135,1180),(59,37,130,796),(60,89,135,788),(61,25,142,872),(62,65,135,1312),(63,53,137,1020),(64,21,142,716),(65,22,142,868),(66,45,137,1392),(67,33,142,268),(68,7,138,1096),(69,11,128,1168),(70,38,130,1576),(71,26,142,1016),(72,17,128,944),(73,27,142,944),(74,98,141,696),(75,82,135,124),(76,54,137,1108),(77,83,135,40),(78,99,141,1444),(79,70,135,1116),(80,95,141,1128),(81,71,135,1124),(82,90,135,1484),(83,50,137,124),(84,18,128,364),(85,84,135,492),(86,91,135,52),(87,100,141,1348),(88,28,142,1000),(89,51,137,400),(90,72,135,1064),(91,34,142,496),(92,29,142,884),(93,39,130,1288),(94,8,138,572),(95,66,135,972),(96,58,132,1080),(97,85,135,632),(98,40,130,836),(99,9,138,1192),(100,46,137,1064);
/*!40000 ALTER TABLE `cathedra_plan_assignment` ENABLE KEYS */;
UNLOCK TABLES;

--
-- Table structure for table `cathedra_plan_charge`
--

DROP TABLE IF EXISTS `cathedra_plan_charge`;
/*!40101 SET @saved_cs_client     = @@character_set_client */;
/*!50503 SET character_set_client = utf8mb4 */;
CREATE TABLE `cathedra_plan_charge` (
  `id` int NOT NULL AUTO_INCREMENT,
  `plan_id` int NOT NULL,
  `cathedra_id` int NOT NULL,
  PRIMARY KEY (`id`),
  KEY `fk_cathedra_plan_charge_plan1_idx` (`plan_id`),
  KEY `fk_cathedra_plan_charge_cathedra1_idx` (`cathedra_id`),
  CONSTRAINT `fk_cathedra_plan_charge_cathedra1` FOREIGN KEY (`cathedra_id`) REFERENCES `cathedra` (`id`),
  CONSTRAINT `fk_cathedra_plan_charge_plan1` FOREIGN KEY (`plan_id`) REFERENCES `plan` (`id`)
) ENGINE=InnoDB AUTO_INCREMENT=128 DEFAULT CHARSET=utf8;
/*!40101 SET character_set_client = @saved_cs_client */;

--
-- Dumping data for table `cathedra_plan_charge`
--

LOCK TABLES `cathedra_plan_charge` WRITE;
/*!40000 ALTER TABLE `cathedra_plan_charge` DISABLE KEYS */;
INSERT INTO `cathedra_plan_charge` VALUES (1,2,1),(2,34,1),(3,37,1),(4,44,1),(5,45,1),(6,53,1),(7,68,1),(8,94,1),(9,99,1),(10,4,2),(11,69,2),(12,8,2),(13,12,2),(14,28,2),(15,38,2),(16,41,2),(17,72,2),(18,84,2),(19,16,3),(20,43,3),(21,64,3),(22,65,3),(23,19,3),(24,47,3),(25,61,3),(26,71,3),(27,73,3),(28,88,3),(29,92,3),(30,9,3),(31,18,3),(32,24,3),(33,67,3),(34,91,3),(35,17,4),(36,48,4),(37,59,4),(38,70,4),(39,93,4),(40,98,4),(41,3,5),(42,32,5),(43,40,5),(44,42,5),(45,66,5),(46,100,5),(47,6,5),(48,46,5),(49,50,5),(50,83,5),(51,89,5),(52,27,5),(53,63,5),(54,76,5),(55,21,6),(56,51,6),(57,54,6),(58,96,6),(59,10,7),(60,25,7),(61,26,7),(62,35,7),(63,56,7),(64,57,7),(65,62,7),(66,95,7),(67,14,7),(68,31,7),(69,55,7),(70,79,7),(71,81,7),(72,90,7),(73,1,7),(74,5,7),(75,11,7),(76,13,7),(77,20,7),(78,30,7),(79,39,7),(80,52,7),(81,58,7),(82,75,7),(83,77,7),(84,85,7),(85,97,7),(86,29,7),(87,33,7),(88,49,7),(89,60,7),(90,82,7),(91,86,7),(92,15,8),(93,23,8),(94,36,8),(95,80,8),(96,7,8),(97,22,8),(98,74,8),(99,78,8),(100,87,8);
/*!40000 ALTER TABLE `cathedra_plan_charge` ENABLE KEYS */;
UNLOCK TABLES;

--
-- Table structure for table `cathedra_teacher`
--

DROP TABLE IF EXISTS `cathedra_teacher`;
/*!40101 SET @saved_cs_client     = @@character_set_client */;
/*!50503 SET character_set_client = utf8mb4 */;
CREATE TABLE `cathedra_teacher` (
  `id` int NOT NULL AUTO_INCREMENT,
  `cathedra_id` int NOT NULL,
  `person_id` int NOT NULL,
  `teacher_rank_id` int NOT NULL,
  `wage` decimal(10,2) NOT NULL DEFAULT '100000.00',
  PRIMARY KEY (`id`),
  KEY `fk_cathedra_teachers_person1_idx` (`person_id`),
  KEY `fk_cathedra_teachers_teacher_rank1_idx` (`teacher_rank_id`),
  KEY `fk_cathedra_teachers_cathedra1_idx` (`cathedra_id`),
  CONSTRAINT `fk_cathedra_teachers_cathedra1` FOREIGN KEY (`cathedra_id`) REFERENCES `cathedra` (`id`),
  CONSTRAINT `fk_cathedra_teachers_person1` FOREIGN KEY (`person_id`) REFERENCES `person` (`id`),
  CONSTRAINT `fk_cathedra_teachers_teacher_rank1` FOREIGN KEY (`teacher_rank_id`) REFERENCES `teacher_rank` (`id`)
) ENGINE=InnoDB AUTO_INCREMENT=255 DEFAULT CHARSET=utf8;
/*!40101 SET character_set_client = @saved_cs_client */;

--
-- Dumping data for table `cathedra_teacher`
--

LOCK TABLES `cathedra_teacher` WRITE;
/*!40000 ALTER TABLE `cathedra_teacher` DISABLE KEYS */;
INSERT INTO `cathedra_teacher` VALUES (128,2,254,11,8204.95),(129,2,275,12,7817.81),(130,4,279,13,8427.53),(131,4,283,12,5451.18),(132,6,328,12,5841.18),(133,6,329,13,8228.98),(134,2,334,12,4520.55),(135,7,346,13,9639.37),(136,2,370,11,3813.91),(137,5,376,11,6635.00),(138,1,423,11,9843.45),(139,7,427,13,142.43),(140,2,503,14,8243.31),(141,8,511,12,6562.01),(142,3,523,11,5841.78),(143,7,565,12,689.08),(144,1,599,13,7174.81),(145,1,604,11,5404.06),(146,7,609,12,7507.50),(147,2,626,11,376.46),(148,2,630,11,8692.37),(149,5,293,15,2318.35),(150,3,300,13,7548.11),(151,5,305,14,7760.18),(152,5,314,14,8870.19),(153,6,320,14,9133.90),(154,5,338,11,1938.87),(155,4,358,15,6367.02),(156,2,364,12,7439.81),(157,1,389,15,8865.49),(158,6,390,12,1921.63),(159,1,398,12,1271.27),(160,5,420,11,5878.85),(161,7,453,11,7250.57),(162,5,493,15,976.13),(163,2,529,14,5118.28),(164,7,572,14,3751.10),(165,6,594,13,1168.84),(166,7,596,12,1470.64),(167,7,625,11,9661.44),(168,7,251,14,9195.89),(169,5,266,13,4294.06),(170,4,336,11,7875.15),(171,6,369,15,3850.86),(172,7,371,15,4517.54),(173,7,377,12,9480.25),(174,3,404,13,6123.00),(175,5,405,11,966.74),(176,1,435,14,2748.44),(177,1,442,13,945.61),(178,8,446,11,6212.47),(179,4,450,15,5232.37),(180,3,451,15,4465.35),(181,8,458,11,1859.15),(182,1,473,12,7545.34),(183,2,513,13,8990.69),(184,4,581,11,9194.97),(185,1,584,12,1217.96),(186,3,592,11,5955.49),(187,8,600,11,2139.99),(188,5,603,12,7735.95),(189,5,608,15,9862.92),(190,4,622,14,8400.42),(191,7,273,11,3933.54),(192,8,348,13,4649.05),(193,4,530,12,1497.40),(194,8,583,13,8941.03),(195,1,597,13,5954.68),(196,1,610,12,7721.46),(197,1,620,12,2167.82);
/*!40000 ALTER TABLE `cathedra_teacher` ENABLE KEYS */;
UNLOCK TABLES;

--
-- Table structure for table `diploma`
--

DROP TABLE IF EXISTS `diploma`;
/*!40101 SET @saved_cs_client     = @@character_set_client */;
/*!50503 SET character_set_client = utf8mb4 */;
CREATE TABLE `diploma` (
  `id` int NOT NULL AUTO_INCREMENT,
  `speciality_id` int NOT NULL,
  `cathedra_teacher_id` int NOT NULL,
  `student_id` int NOT NULL,
  `theme` varchar(255) NOT NULL,
  `score` int DEFAULT NULL,
  PRIMARY KEY (`id`),
  KEY `fk_dimploma_speciality1_idx` (`speciality_id`),
  KEY `fk_dimploma_cathedra_teacher1_idx` (`cathedra_teacher_id`),
  KEY `fk_dimploma_student1_idx` (`student_id`),
  CONSTRAINT `fk_dimploma_cathedra_teacher1` FOREIGN KEY (`cathedra_teacher_id`) REFERENCES `cathedra_teacher` (`id`),
  CONSTRAINT `fk_dimploma_speciality1` FOREIGN KEY (`speciality_id`) REFERENCES `speciality` (`id`),
  CONSTRAINT `fk_dimploma_student1` FOREIGN KEY (`student_id`) REFERENCES `student` (`id`)
) ENGINE=InnoDB AUTO_INCREMENT=159 DEFAULT CHARSET=utf8;
/*!40101 SET character_set_client = @saved_cs_client */;

--
-- Dumping data for table `diploma`
--

LOCK TABLES `diploma` WRITE;
/*!40000 ALTER TABLE `diploma` DISABLE KEYS */;
INSERT INTO `diploma` VALUES (1,1,163,236,'Діпломна робота 1',4),(2,1,157,282,'Діпломна робота 2',5),(3,1,163,415,'Діпломна робота 3',4),(4,1,157,427,'Діпломна робота 4',5),(5,1,176,433,'Діпломна робота 5',4),(6,1,176,519,'Діпломна робота 6',3),(7,1,157,585,'Діпломна робота 7',5),(8,1,140,771,'Діпломна робота 8',3),(9,1,176,781,'Діпломна робота 9',4),(10,1,157,786,'Діпломна робота 10',5),(11,5,171,260,'Діпломна робота 11',3),(12,5,153,279,'Діпломна робота 12',4),(13,5,162,286,'Діпломна робота 13',4),(14,5,189,327,'Діпломна робота 14',4),(15,5,189,439,'Діпломна робота 15',3),(16,5,152,490,'Діпломна робота 16',3),(17,5,171,506,'Діпломна робота 17',3),(18,5,149,577,'Діпломна робота 18',3),(19,5,152,728,'Діпломна робота 19',5),(32,1,157,172,'Діпломна робота 32',NULL),(33,1,140,187,'Діпломна робота 33',NULL),(34,1,176,191,'Діпломна робота 34',NULL),(35,1,163,206,'Діпломна робота 35',NULL),(36,1,157,238,'Діпломна робота 36',NULL),(37,1,157,287,'Діпломна робота 37',NULL),(38,1,163,288,'Діпломна робота 38',NULL),(39,1,140,296,'Діпломна робота 39',NULL),(40,1,140,298,'Діпломна робота 40',NULL),(41,1,163,305,'Діпломна робота 41',NULL),(42,1,176,308,'Діпломна робота 42',NULL),(43,1,163,335,'Діпломна робота 43',NULL),(44,1,176,338,'Діпломна робота 44',NULL),(45,1,140,342,'Діпломна робота 45',NULL),(46,1,176,348,'Діпломна робота 46',NULL),(47,1,157,357,'Діпломна робота 47',NULL),(48,1,176,364,'Діпломна робота 48',NULL),(49,1,163,367,'Діпломна робота 49',NULL),(50,1,163,377,'Діпломна робота 50',NULL),(51,1,163,394,'Діпломна робота 51',NULL),(52,1,163,424,'Діпломна робота 52',NULL),(53,1,163,444,'Діпломна робота 53',NULL),(54,1,140,466,'Діпломна робота 54',NULL),(55,1,157,470,'Діпломна робота 55',NULL),(56,1,163,486,'Діпломна робота 56',NULL),(57,1,157,499,'Діпломна робота 57',NULL),(58,1,157,524,'Діпломна робота 58',NULL),(59,1,163,553,'Діпломна робота 59',NULL),(60,1,157,571,'Діпломна робота 60',NULL),(61,1,140,578,'Діпломна робота 61',NULL),(62,1,157,610,'Діпломна робота 62',NULL),(63,1,157,620,'Діпломна робота 63',NULL),(64,1,140,630,'Діпломна робота 64',NULL),(65,1,163,631,'Діпломна робота 65',NULL),(66,1,163,635,'Діпломна робота 66',NULL),(67,1,176,650,'Діпломна робота 67',NULL),(68,1,157,668,'Діпломна робота 68',NULL),(69,1,163,710,'Діпломна робота 69',NULL),(70,1,176,720,'Діпломна робота 70',NULL),(71,1,176,727,'Діпломна робота 71',NULL),(72,1,163,729,'Діпломна робота 72',NULL),(73,1,140,738,'Діпломна робота 73',NULL),(74,1,140,753,'Діпломна робота 74',NULL),(75,1,176,828,'Діпломна робота 75',NULL),(76,1,140,833,'Діпломна робота 76',NULL),(77,1,176,836,'Діпломна робота 77',NULL),(78,1,140,854,'Діпломна робота 78',NULL),(79,1,176,862,'Діпломна робота 79',NULL),(80,1,163,866,'Діпломна робота 80',NULL),(81,1,140,888,'Діпломна робота 81',NULL),(82,5,152,160,'Діпломна робота 82',NULL),(83,5,171,171,'Діпломна робота 83',NULL),(84,5,151,196,'Діпломна робота 84',NULL),(85,5,189,202,'Діпломна робота 85',NULL),(86,5,171,213,'Діпломна робота 86',NULL),(87,5,153,235,'Діпломна робота 87',NULL),(88,5,189,241,'Діпломна робота 88',NULL),(89,5,149,253,'Діпломна робота 89',NULL),(90,5,189,317,'Діпломна робота 90',NULL),(91,5,149,319,'Діпломна робота 91',NULL),(92,5,153,339,'Діпломна робота 92',NULL),(93,5,153,352,'Діпломна робота 93',NULL),(94,5,171,355,'Діпломна робота 94',NULL),(95,5,171,362,'Діпломна робота 95',NULL),(96,5,149,384,'Діпломна робота 96',NULL),(97,5,152,396,'Діпломна робота 97',NULL),(98,5,151,419,'Діпломна робота 98',NULL),(99,5,151,422,'Діпломна робота 99',NULL),(100,5,149,434,'Діпломна робота 100',NULL),(101,5,162,448,'Діпломна робота 101',NULL),(102,5,151,465,'Діпломна робота 102',NULL),(103,5,171,480,'Діпломна робота 103',NULL),(104,5,149,484,'Діпломна робота 104',NULL),(105,5,151,510,'Діпломна робота 105',NULL),(106,5,152,534,'Діпломна робота 106',NULL),(107,5,149,537,'Діпломна робота 107',NULL),(108,5,153,549,'Діпломна робота 108',NULL),(109,5,162,552,'Діпломна робота 109',NULL),(110,5,149,560,'Діпломна робота 110',NULL),(111,5,153,561,'Діпломна робота 111',NULL),(112,5,162,563,'Діпломна робота 112',NULL),(113,5,153,579,'Діпломна робота 113',NULL),(114,5,152,594,'Діпломна робота 114',NULL),(115,5,153,596,'Діпломна робота 115',NULL),(116,5,152,601,'Діпломна робота 116',NULL),(117,5,149,613,'Діпломна робота 117',NULL),(118,5,149,628,'Діпломна робота 118',NULL),(119,5,153,653,'Діпломна робота 119',NULL),(120,5,153,655,'Діпломна робота 120',NULL),(121,5,189,660,'Діпломна робота 121',NULL),(122,5,149,661,'Діпломна робота 122',NULL),(123,5,189,663,'Діпломна робота 123',NULL),(124,5,149,671,'Діпломна робота 124',NULL),(125,5,149,685,'Діпломна робота 125',NULL),(126,5,189,692,'Діпломна робота 126',NULL),(127,5,153,709,'Діпломна робота 127',NULL),(128,5,162,726,'Діпломна робота 128',NULL),(129,5,189,745,'Діпломна робота 129',NULL),(130,5,153,757,'Діпломна робота 130',NULL),(131,5,152,773,'Діпломна робота 131',NULL),(132,5,153,775,'Діпломна робота 132',NULL),(133,5,149,788,'Діпломна робота 133',NULL),(134,5,149,793,'Діпломна робота 134',NULL),(135,5,151,812,'Діпломна робота 135',NULL),(136,5,171,814,'Діпломна робота 136',NULL),(137,5,189,864,'Діпломна робота 137',NULL),(138,5,171,867,'Діпломна робота 138',NULL),(139,5,171,879,'Діпломна робота 139',NULL),(140,5,189,880,'Діпломна робота 140',NULL),(141,5,151,889,'Діпломна робота 141',NULL);
/*!40000 ALTER TABLE `diploma` ENABLE KEYS */;
UNLOCK TABLES;

--
-- Table structure for table `discipline`
--

DROP TABLE IF EXISTS `discipline`;
/*!40101 SET @saved_cs_client     = @@character_set_client */;
/*!50503 SET character_set_client = utf8mb4 */;
CREATE TABLE `discipline` (
  `id` int NOT NULL AUTO_INCREMENT,
  `cathedra_id` int NOT NULL,
  `name` varchar(45) NOT NULL,
  PRIMARY KEY (`id`),
  UNIQUE KEY `name_UNIQUE` (`name`),
  KEY `fk_discipline_cathedra1_idx` (`cathedra_id`),
  CONSTRAINT `fk_discipline_cathedra1` FOREIGN KEY (`cathedra_id`) REFERENCES `cathedra` (`id`)
) ENGINE=InnoDB AUTO_INCREMENT=18 DEFAULT CHARSET=utf8;
/*!40101 SET character_set_client = @saved_cs_client */;

--
-- Dumping data for table `discipline`
--

LOCK TABLES `discipline` WRITE;
/*!40000 ALTER TABLE `discipline` DISABLE KEYS */;
INSERT INTO `discipline` VALUES (1,7,'Математика'),(2,2,'Фізика'),(3,6,'Біологія'),(4,1,'Хімія'),(5,3,'БЖД'),(6,3,'Фізкультура'),(7,4,'Історія'),(8,2,'Екологія'),(9,3,'Політологія'),(10,7,'Бази даних'),(11,7,'ДжаваСкріпт'),(12,7,'Пайтон'),(13,8,'ООП'),(14,5,'Операціні системи'),(15,5,'Якась муть'),(16,5,'Машинопис'),(17,8,'Геометрія');
/*!40000 ALTER TABLE `discipline` ENABLE KEYS */;
UNLOCK TABLES;

--
-- Table structure for table `faculty`
--

DROP TABLE IF EXISTS `faculty`;
/*!40101 SET @saved_cs_client     = @@character_set_client */;
/*!50503 SET character_set_client = utf8mb4 */;
CREATE TABLE `faculty` (
  `id` int NOT NULL AUTO_INCREMENT,
  `university_id` int NOT NULL,
  `name` varchar(255) NOT NULL,
  `signature` varchar(45) NOT NULL,
  PRIMARY KEY (`id`),
  UNIQUE KEY `name_UNIQUE` (`name`),
  UNIQUE KEY `signature_UNIQUE` (`signature`),
  KEY `fk_faculty_university1_idx` (`university_id`),
  CONSTRAINT `fk_faculty_university1` FOREIGN KEY (`university_id`) REFERENCES `university` (`id`)
) ENGINE=InnoDB AUTO_INCREMENT=5 DEFAULT CHARSET=utf8;
/*!40101 SET character_set_client = @saved_cs_client */;

--
-- Dumping data for table `faculty`
--

LOCK TABLES `faculty` WRITE;
/*!40000 ALTER TABLE `faculty` DISABLE KEYS */;
INSERT INTO `faculty` VALUES (1,1,'Хімічний','Хім'),(2,1,'Фізичний','Фіз'),(3,1,'Біологічний','Біо'),(4,1,'Математичний','Мат');
/*!40000 ALTER TABLE `faculty` ENABLE KEYS */;
UNLOCK TABLES;

--
-- Table structure for table `person`
--

DROP TABLE IF EXISTS `person`;
/*!40101 SET @saved_cs_client     = @@character_set_client */;
/*!50503 SET character_set_client = utf8mb4 */;
CREATE TABLE `person` (
  `id` int NOT NULL AUTO_INCREMENT,
  `name` varchar(45) NOT NULL,
  `surname` varchar(45) NOT NULL,
  `children` int NOT NULL DEFAULT '0',
  `birthdate` date NOT NULL,
  `address` varchar(128) NOT NULL,
  `phone` varchar(45) DEFAULT NULL,
  `gender` varchar(1) NOT NULL,
  PRIMARY KEY (`id`)
) ENGINE=InnoDB AUTO_INCREMENT=1247 DEFAULT CHARSET=utf8;
/*!40101 SET character_set_client = @saved_cs_client */;

--
-- Dumping data for table `person`
--

LOCK TABLES `person` WRITE;
/*!40000 ALTER TABLE `person` DISABLE KEYS */;
INSERT INTO `person` VALUES (247,'Єфрем','Овсієнко',2,'1973-02-13','вулиця Степана Коваліва, 0, хутір Трохим, 78873','+38 049 374-68-28','Ч'),(248,'Анжела','Піддубний',1,'1965-04-02','набережна Володимира Великого, 810, місто Орест, 35794','+38 025 321-54-39','Ж'),(249,'Пилип','Дерегус',0,'1961-05-21','набережна Павла Грабовського, 7, селище Леонід, 71026','488-04-47','Ч'),(250,'Анжела','Саченко',0,'1980-03-01','вулиця Степана Рудавського, 88, селище Альберт, 13434','+38 (002) 280-73-49','Ж'),(251,'Лариса','Овсієнко',3,'1947-02-20','вулиця Устияновичів, 825, селище Гліб, 41057','575 25 24','Ж'),(252,'Адам','Зарудний',3,'1967-07-14','вулиця Олени Теліги, 4, місто Тетяна, 23666','037 931-23-28','Ч'),(253,'Камілла','Устенко',1,'1936-02-20','вулиця Андрія Чайковського, 154, хутір Аврелій, 71732','+38 (064) 027-14-89','Ж'),(254,'Сніжана','Базилевич',1,'1942-09-25','вулиця Шевська, 96, місто Вадим, 15419','070 139 63 51','Ж'),(255,'Демид','Дацюк',0,'1979-11-11','набережна Володимира Івасюка, 322, селище Ярослав, 46617','018 903 84 76','Ч'),(256,'Богодар','Зарудний',0,'1981-06-09','набережна Дністровська, 161, хутір Ярослав, 43557','+38 018 878 13 18','Ч'),(257,'Богодар','Голик',1,'1969-01-01','набережна Фредеріка Шопена, 162, місто Святослав, 95106','602 73 74','Ч'),(258,'Ярина','Баштан',1,'1970-08-16','набережна Стрийська, 738, село Єфрем, 74541','025 841 17 13','Ж'),(259,'Гліб','Гузенко',3,'1954-12-13','набережна Данила Галицького, 96, місто Назар, 08139','053 330-51-40','Ч'),(260,'Ярина','Шелест',0,'1975-03-10','набережна Устияновичів, 5, місто Єлисавета, 96516','+38 (036) 016-18-35','Ж'),(261,'Марія','Голобородько',3,'1990-01-23','набережна Михайла Павлика, 69, село Віталій, 53925','+38 021 659 19 65','Ж'),(262,'Венедикт','Сірко',3,'1938-02-06','набережна Василя Стуса, 840, хутір Ігор, 17255','087 370-14-29','Ч'),(263,'Опанас','Іщак',1,'1993-03-05','набережна Ярослава Осмомисла, 0, хутір Онисим, 69232','072 69 21','Ч'),(264,'Валентина','Сірко',2,'1983-02-20','набережна Олекси Довбуша, 493, хутір Олесь, 62101','+38 036 916-91-82','Ж'),(265,'Ганна','Колісниченко',3,'1968-01-15','набережна Михайла Вербицького, 077, місто Лариса, 05357','693 83 11','Ж'),(266,'Маруся','Гриценко',1,'1944-01-23','набережна Лішнянська, 88, селище Ірина, 32159','+38 016 149-82-01','Ж'),(267,'Вʼячеслав','Андрощук',2,'1970-12-14','вулиця Лева Толстого, 735, хутір Емілія, 19409','+38 (091) 761-77-79','Ч'),(268,'Ярема','Кабалюк',1,'1938-09-28','набережна Михайла Павлика, 225, місто Данна, 61029','+38 087 437 19 69','Ч'),(269,'Мартин','Ільєнко',2,'1965-11-26','вулиця Павла Грабовського, 0, селище Венедикт, 96045','+38 (053) 828-47-62','Ч'),(270,'Олекса','Бабиченко',3,'1993-01-19','набережна Адама Міцкевича, 98, селище Аліна, 18122','027 031-85-77','Ч'),(271,'Лілія','Філіпенко',1,'1990-06-04','вулиця Івана Мазепи, 7, селище Мирон, 27525','+38 (013) 757-25-64','Ж'),(272,'Данна','Уманець',3,'1999-09-20','набережна В\'ячеслава Чорновола, 28, місто Богуслав, 08458','057 867 07 39','Ж'),(273,'Богуслава','Єсипенко',1,'1947-03-28','вулиця Бруно Шульца, 34, селище Давид, 05835','+38 086 154 77 05','Ж'),(274,'Захар','Канівець',2,'1997-05-06','вулиця Василя Барського, 505, місто Мирон, 08939','+38 056 348-99-63','Ч'),(275,'Анастасія','Батіг',0,'1937-09-12','вулиця Холмська, 04, хутір Климент, 107378','053 079-90-53','Ж'),(276,'Богданна','Бабʼяк',0,'1956-12-08','набережна Купальська, 97, селище Пармен, 48761','+38 (072) 918-02-90','Ж'),(277,'Соломія','Сомко',0,'1933-02-01','вулиця Вокзальна, 57, місто Віктор, 101727','+38 067 524-82-56','Ж'),(278,'Веніямин','Супруненко',3,'1972-06-21','набережна Грюнвальдська, 77, місто Емілія, 87945','+38 (012) 055-25-74','Ч'),(279,'Михайлина','Щербань',1,'1937-10-26','набережна Станіславська, 817, хутір Нестор, 99319','079 92 03','Ж'),(280,'Амвросій','Ґалаґан',2,'1984-12-04','набережна Івана Підкови, 15, хутір Альберт, 54656','+38 (060) 486-40-65','Ч'),(281,'Назар','Ґерета',3,'1980-12-12','вулиця Самбірська, 5, селище Франц, 38600','+38 052 664 22 45','Ч'),(282,'Демид','Данченко',0,'2004-03-06','вулиця Станіславська, 9, селище Ростислав, 78262','+38 023 744-27-72','Ч'),(283,'Гордій','Чуприна',2,'1948-03-27','набережна Олеся Гончара, 85, селище Ада, 09112','+38 061 231-12-04','Ч'),(284,'Орися','Деркач',3,'1975-11-17','набережна Данила Галицького, 54, селище Олег, 22532','059 841-21-66','Ж'),(285,'Ігор','Шовкопляс',0,'1997-10-03','набережна Олександра Пушкіна, 3, селище Дан, 103029','+38 033 182 70 82','Ч'),(286,'Едуард','Бабій',2,'2000-07-24','вулиця Юліуша Словацького, 477, місто Святослава, 71218','013 224-80-37','Ч'),(287,'Роксолана','Журавель',0,'1986-10-17','набережна Миколи Вороного, 5, село Антон, 04707','007-15-54','Ж'),(288,'Ірена','Парасюк',0,'1960-06-14','вулиця Вокзальна, 90, село Марʼяна, 35576','063 121 13 88','Ж'),(289,'Ігор','Тягнибок',1,'1938-03-16','набережна Павла Грабовського, 974, селище Левко, 105661','+38 (061) 460-24-09','Ч'),(290,'Ярослава','Пушкар',1,'1978-08-20','набережна Йосипа Левицького, 63, селище Антон, 17284','+38 (002) 539-22-81','Ж'),(291,'Єва','Алексійчук',3,'1937-04-17','вулиця Буковинська, 587, хутір Єва, 63663','209-27-84','Ж'),(292,'Дарина','Онуфрієнко',1,'1992-10-30','набережна Грюнвальдська, 95, селище Богуслав, 64103','042 870 76 77','Ж'),(293,'Варвара','Іщенко',1,'1942-05-07','набережна Раневицька, 8, хутір Азар, 88478','+38 086 167 32 10','Ж'),(294,'Альбіна','Івасюк',3,'2004-12-23','набережна Миколи Гоголя, 3, село Алевтин, 06897','208-17-48','Ж'),(295,'Сніжана','Демиденко',1,'1997-09-21','вулиця Стрийська, 64, місто Ростислав, 57974','821 29 34','Ж'),(296,'Максим','Акуленко',1,'1954-09-01','вулиця Купальська, 45, хутір Єлисей, 97287','+38 072 630-22-89','Ч'),(297,'Галина','Романець',3,'1950-08-03','вулиця Львівська, 431, село Михайло, 37117','+38 073 777-05-53','Ж'),(298,'Давид','Романенко',0,'1977-12-11','набережна Захарії Копистенського, 9, селище Богданна, 64015','084 213 19 70','Ч'),(299,'Соломія','Саєнко',0,'1984-12-28','набережна Василя Стуса, 909, село Леонтій, 33885','+38 054 284-68-16','Ж'),(300,'Соломон','Цюцюра',0,'1935-06-23','набережна Ярослава Осмомисла, 839, місто Іван, 47611','107-06-06','Ч'),(301,'Орися','Давимука',3,'1994-11-02','вулиця Вербова, 0, хутір Остап, 04302','+38 047 314 91 45','Ж'),(302,'Омелян','Ковпак',3,'2003-01-05','вулиця Рівна, 91, місто Марина, 21722','+38 (058) 603-15-15','Ч'),(303,'Тереза','Скиба',0,'2004-08-21','набережна Нова, 446, хутір Опанас, 86059','+38 074 453 95 45','Ж'),(304,'Арсен','Василенко',1,'1961-03-24','набережна Олеся Гончара, 32, село Олесь, 63132','+38 041 409-49-97','Ч'),(305,'Емілія','Давимука',1,'1938-01-01','вулиця Гончарська, 421, місто Леонід, 09741','026 257-60-42','Ж'),(306,'Охрім','Червоненко',1,'1953-06-11','набережна Івана Карпенка-Карого, 865, хутір Пилип, 67106','+38 (006) 263-86-97','Ч'),(307,'Василина','Таран',3,'1954-12-15','вулиця Володимира Бірчака, 815, місто Семен, 61234','621-27-41','Ж'),(308,'Мілена','Кабалюк',1,'1958-01-28','вулиця Грюнвальдська, 374, хутір Богодар, 42007','+38 038 302-54-75','Ж'),(309,'Роксолана','Гресь',0,'1997-02-13','вулиця Марка Кропивницького, 945, селище Алла, 06315','074-87-17','Ж'),(310,'Симон','Башполченко',2,'1999-06-23','вулиця Михайла Вербицького, 052, місто Орхип, 52994','060 583 90 35','Ч'),(311,'Юстина','Яремчук',1,'1985-10-23','набережна Олени Теліги, 642, село Ростислав, 14597','+38 (023) 494-41-33','Ж'),(312,'Устим','Парасюк',3,'1991-06-10','вулиця Івана Пулюя, 0, селище Демид, 82496','573-69-58','Ч'),(313,'Іван','Єременко',1,'1975-07-08','вулиця Лішнянська, 782, село Захар, 15225','109 03 94','Ч'),(314,'Адам','Даценко',0,'1931-05-30','набережна Максима Рильського, 6, місто Альбіна, 08958','517-84-12','Ч'),(315,'Сергій','Батіг',3,'1934-10-19','набережна Східна, 055, село Володимира, 23419','+38 035 692 78 58','Ч'),(316,'Вʼячеслав','Остапчук',1,'1993-03-17','набережна Індустріальна, 9, хутір Роман, 44601','+38 064 557-55-14','Ч'),(317,'Назар','Овсієнко',1,'1991-08-18','набережна Івана Карпенка-Карого, 2, селище Антон, 22721','964 44 79','Ч'),(318,'Ганна','Журавель',1,'1955-09-15','вулиця Остапа Нижанківського, 6, село Валерій, 08797','+38 040 760-52-58','Ж'),(319,'Сніжана','Абрамчук',0,'1966-02-28','набережна Броніслава Козловського, 75, селище Едуард, 12421','+38 061 200-97-09','Ж'),(320,'Борис','Даньків',1,'1948-05-27','вулиця Маркіяна Шашкевича, 59, хутір Юхим, 44343','+38 019 652 47 79','Ч'),(321,'Симон','Онуфрієнко',2,'2003-07-11','набережна Пластунів, 508, хутір Аврелій, 36704','+38 021 362-15-04','Ч'),(322,'Владислав','Опанасенко',2,'1961-09-30','вулиця Київська, 8, місто Христина, 06357','+38 (022) 172-14-44','Ч'),(323,'Сніжана','Дацюк',2,'1951-11-03','вулиця Лішнянська, 4, село Роксолана, 11639','075 105-87-60','Ж'),(324,'Орест','Чарниш',2,'1944-04-29','набережна Андрія Чайковського, 3, село Валерій, 15002','810 62 12','Ч'),(325,'Євген','Ткаченко',0,'1972-03-20','вулиця Лева Толстого, 777, хутір Віра, 99167','+38 049 184 71 15','Ч'),(326,'Ярина','Рубець',1,'1969-02-05','вулиця Йосипа Левицького, 030, місто Вадим, 74874','548-00-99','Ж'),(327,'Алевтин','Запорожець',1,'1952-12-07','набережна Петра Сагайдачного, 288, селище Ліза, 11727','+38 082 647-44-80','Ч'),(328,'Юстим','Сімашкевич',1,'1934-06-10','набережна Миколи Лисенка, 9, хутір Єфрем, 49047','317-85-00','Ч'),(329,'Мирон','Левченко',0,'1934-07-30','набережна Музична, 63, хутір Мілена, 74876','+38 001 093-81-34','Ч'),(330,'Сніжана','Чалий',0,'1983-11-03','вулиця Івана Труша, 094, селище Веніямин, 36845','+38 (098) 589-01-42','Ж'),(331,'Віра','Медведенко',1,'1993-03-17','вулиця Юрія Федьковича, 3, хутір Еріка, 29637','584-30-97','Ж'),(332,'Ярема','Дурдинець',2,'1971-04-15','вулиця Данила Галицького, 587, селище Анастасія, 73344','+38 (082) 329-71-51','Ч'),(333,'Гліб','Закусило',2,'1969-10-05','набережна Тисменицька, 4, хутір Олександр, 95639','451 86 66','Ч'),(334,'Лукʼян','Редько',1,'1947-10-20','набережна Лішнянська, 988, хутір Вадим, 46672','025 530-13-61','Ч'),(335,'Алла','Єщенко',0,'1984-06-13','вулиця Уляни Кравченко, 843, селище Альберт, 13293','+38 064 867-28-66','Ж'),(336,'Аарон','Артимович',0,'1942-01-27','вулиця Володимира Івасюка, 507, місто Зиновій, 39166','776 35 29','Ч'),(337,'Сніжана','Симоненко',0,'1956-04-21','вулиця Максима Залізняка, 33, хутір Венедикт, 55046','042 687 00 71','Ж'),(338,'Емілія','Бебешко',0,'1943-08-25','вулиця Марії Заньковецької, 5, селище Борислав, 106108','+38 063 826 99 16','Ж'),(339,'Мартин','Артимович',2,'1967-10-17','вулиця Михайла Остроградського, 23, село Богуслава, 44995','+38 (001) 697-16-28','Ч'),(340,'Сніжана','Удовиченко',3,'1964-11-04','вулиця Малий Ринок, 0, селище Григорій, 69666','+38 023 295-07-97','Ж'),(341,'Орина','Джус',0,'1980-03-14','набережна Дмитра Бортнянського, 905, місто Борис, 88720','+38 075 577 07 82','Ж'),(342,'Алла','Вітер',2,'2003-11-02','набережна Озерна, 238, хутір Макар, 65875','+38 039 796 18 56','Ж'),(343,'Франц','Філіпенко',2,'1931-08-30','набережна Механізаторів, 4, місто Алевтин, 46067','+38 (021) 181-83-77','Ч'),(344,'Оксана','Єрошенко',3,'1986-08-05','вулиця Михайла Зубрицького, 2, хутір Марта, 107158','055 283 19 26','Ж'),(345,'Ірина','Рудько',2,'1992-12-31','вулиця Данила Галицького, 71, селище Олекса, 69343','058 223-54-54','Ж'),(346,'Олександр','Авдєєнко',1,'1940-09-09','набережна Тисменицька, 06, селище Тереза, 36191','+38 039 227 93 99','Ч'),(347,'Соломон','Вакуленко',1,'1952-05-10','вулиця Олександра Пушкіна, 260, село Ілля, 66181','045 95 47','Ч'),(348,'Олена','Зарудний',2,'1941-08-05','набережна Княгині Ольги, 8, місто Алевтин, 53198','631 70 29','Ж'),(349,'Юхим','Артюшенко',3,'1963-08-07','вулиця Олега Ольжича, 8, місто Пармен, 28972','145 81 97','Ч'),(350,'Венедикт','Іщак',2,'1951-11-15','вулиця Трускавецька, 99, хутір Степан, 23944','795 62 05','Ч'),(351,'Арсен','Дубас',1,'1995-03-10','вулиця Маркіяна Шашкевича, 6, місто Едита, 44757','+38 066 109 79 23','Ч'),(352,'Алевтин','Щербак',0,'1953-08-13','вулиця Будівельна, 12, селище Василина, 39320','574 18 22','Ч'),(353,'Ганна','Баштан',2,'1942-10-03','вулиця Спартака, 0, селище Клавдія, 36845','+38 019 329-94-28','Ж'),(354,'Назар','Кармалюк',3,'1951-01-28','набережна Спартака, 20, хутір Ігор, 69507','072 847-68-56','Ч'),(355,'Олег','Засуха',3,'1971-05-26','вулиця Олени Теліги, 60, хутір Сніжана, 03757','+38 069 265-65-68','Ч'),(356,'Амалія','Кибкало',0,'1988-07-08','вулиця Бориса Грінченка, 4, хутір Михайло, 24794','102-83-55','Ж'),(357,'Олекса','Полтавець',3,'1942-07-12','вулиця Фабрична, 798, хутір Надія, 46989','054 337-67-06','Ч'),(358,'Богданна','Шухевич',3,'1935-02-25','вулиця Юліуша Словацького, 590, хутір Богуслава, 36453','+38 (066) 897-33-55','Ж'),(359,'Сергій','Авдєєнко',1,'1964-01-03','вулиця Василя Стуса, 989, село Юстим, 91491','082 772 97 52','Ч'),(360,'Мілена','Засенко',3,'1979-08-07','вулиця Івана Франка, 925, місто Зиновій, 02487','006 144-00-24','Ж'),(361,'Омелян','Терещенко',1,'1969-01-21','набережна Устияновичів, 2, селище Хома, 71679','+38 013 997-80-30','Ч'),(362,'Гордій','Абрамчук',2,'1987-04-07','набережна Опришківська, 372, село Арсен, 14134','+38 026 533 23 68','Ч'),(363,'Маруся','Адамчук',3,'1970-07-25','набережна Байди, 92, село Роксолана, 74224','001 290-37-27','Ж'),(364,'Аарон','Алексійчук',3,'1939-07-21','вулиця Осипа Турянського, 607, хутір Ірина, 19730','006 810 90 85','Ч'),(365,'Станіслав','Хмара',2,'1996-06-12','набережна Байди, 747, селище Олена, 104826','+38 083 759-81-57','Ч'),(366,'Дан','Павленко',3,'1972-08-09','вулиця Михайла Лермонтова, 57, село Леон, 41831','+38 052 742-83-60','Ч'),(367,'Вʼячеслав','Матвієнко',3,'1988-05-25','набережна Будівельна, 607, селище Ігнат, 63808','+38 037 185 32 63','Ч'),(368,'Камілла','Ніколюк',3,'1958-12-01','вулиця Шолом Алейхема, 767, село Соломон, 32032','+38 042 323 67 22','Ж'),(369,'Яків','Бебешко',0,'1944-04-24','вулиця Григорія Сковороди, 975, селище Надія, 01137','+38 080 448 36 50','Ч'),(370,'Онисим','Ющенко',2,'1946-06-08','набережна Бойківська, 924, місто Богуслав, 45883','016 392-60-06','Ч'),(371,'Любов','Андрійович',3,'1935-06-22','набережна 22 Січня, 78, місто Альбіна, 57371','035 022-40-08','Ж'),(372,'Остап','Баранець',0,'1968-12-02','вулиця Іллі Рєпіна, 25, хутір Юстим, 34630','015 069-88-29','Ч'),(373,'Давид','Юрченко',1,'1965-11-28','набережна Миколи Лисенка, 773, село Любов, 105975','+38 006 955-86-77','Ч'),(374,'Леон','Шутько',0,'1951-11-05','вулиця Івана Пулюя, 6, місто Ілля, 88841','+38 057 064-91-30','Ч'),(375,'Леон','Пушкар',0,'1957-10-23','набережна Володимира Чапельського, 77, хутір Тетяна, 85282','+38 (043) 183-94-59','Ч'),(376,'Сергій','Демиденко',2,'1938-06-05','набережна Михайла Зубрицького, 823, хутір Едита, 15771','+38 055 238-48-79','Ч'),(377,'Ігнат','Приймак',2,'1949-02-22','набережна Івана Труша, 728, місто Амвросій, 53441','055-84-10','Ч'),(378,'Тереза','Єременко',0,'1999-08-27','вулиця Зелена, 760, місто Сніжана, 43043','039 113 80 20','Ж'),(379,'Алла','Хорішко',2,'1984-02-04','набережна Тита Реваковича, 18, хутір Богданна, 18370','+38 021 030-78-88','Ж'),(380,'Онисим','Хомик',2,'1992-03-30','вулиця Івана Підкови, 4, селище Мартин, 02267','097 221 75 84','Ч'),(381,'Охрім','Ващук',3,'1989-08-25','вулиця Байди, 2, село Едуард, 104989','+38 015 165-45-79','Ч'),(382,'Степан','Дубас',3,'1949-05-05','набережна Холмська, 03, село Камілла, 73465','+38 (004) 531-84-75','Ч'),(383,'Марко','Заїка',0,'1965-12-22','набережна Бойківська, 77, село Еріка, 96645','+38 094 417 80 99','Ч'),(384,'Азар','Штепа',3,'1968-03-31','вулиця Михайла Зубрицького, 36, місто Адам, 66000','217 69 68','Ч'),(385,'Аркадій','Іванченко',3,'1970-03-13','вулиця Козацька, 587, селище Аніта, 08889','738-94-63','Ч'),(386,'Борислав','Рябець',1,'1942-01-21','набережна Горішня Брама, 84, село Леопольд, 38936','022-79-17','Ч'),(387,'Віолетта','Лемешко',3,'1977-02-09','вулиця Лесі Українки, 0, село Варфоломій, 64928','088 410-28-75','Ж'),(388,'Анжела','Гайдамака',1,'1992-08-19','набережна Юліуша Словацького, 606, місто Семен, 46523','+38 014 418-44-28','Ж'),(389,'Дарина','Пустовіт',1,'1941-10-21','набережна Дмитра Грицая, 9, селище Алла, 62260','+38 034 534 33 16','Ж'),(390,'Христина','Опанасенко',2,'1949-02-26','вулиця Івана Мазепи, 80, село Марина, 41103','052 141-33-87','Ж'),(391,'Лілія','Вівчаренко',1,'1971-09-24','вулиця Петра Дорошенка, 11, місто Ярослав, 94666','060 357 86 39','Ж'),(392,'Богдан','Девдюк',0,'1950-02-17','набережна Гончарська, 487, село Орхип, 84111','+38 (009) 770-05-66','Ч'),(393,'Надія','Чарниш',0,'1957-09-13','вулиця Рихтицька, 799, село Віолетта, 106805','073 292-24-81','Ж'),(394,'Одарка','Демʼянчук',2,'1974-04-04','набережна Івана Верхратського, 2, село Гліб, 108622','480 96 21','Ж'),(395,'Костянтин','Александренко',2,'1991-10-12','вулиця Антона Чехова, 071, хутір Тереза, 04363','+38 006 044 14 89','Ч'),(396,'Трохим','Рак',2,'1992-06-29','вулиця Прорізна, 8, хутір Павло, 87201','+38 020 747 96 43','Ч'),(397,'Ярема','Данченко',3,'1957-08-24','вулиця Володимира Винниченка, 5, місто Аркадій, 28617','054 312-05-51','Ч'),(398,'Єлисавета','Деревʼянко',2,'1937-09-01','вулиця Івана Вендзиловича, 7, хутір Едуард, 107700','035 227-34-40','Ж'),(399,'Максим','Фартушняк',2,'1988-12-11','набережна Олеся Гончара, 893, село Семен, 18598','+38 007 249 87 65','Ч'),(400,'Едита','Філіпенко',0,'1985-12-05','набережна Івана Франка, 36, село Станіслав, 99658','+38 065 711 94 56','Ж'),(401,'Маруся','Чубай',3,'1951-10-30','вулиця Михайла Остроградського, 4, хутір Степан, 47176','+38 (042) 832-00-22','Ж'),(402,'Варвара','Базавлученко',0,'2005-02-03','вулиця Івана Труша, 885, місто Юхим, 23887','285-79-66','Ж'),(403,'Остап','Штепа',1,'1967-05-25','набережна Шота Руставелі, 219, селище Богданна, 52827','023 751-60-45','Ч'),(404,'Арсен','Рудько',1,'1949-06-26','вулиця Архипа Люльки, 580, селище Герман , 14793','080 946-01-97','Ч'),(405,'Клавдія','Стус',1,'1931-10-23','вулиця Олександра Пушкіна, 66, селище Богодар, 29794','+38 031 843-65-92','Ж'),(406,'Стефан','Годунок',0,'1990-10-09','вулиця Княгині Ольги, 750, місто Герман , 58860','+38 004 756 24 07','Ч'),(407,'Давид','Бандура',0,'1990-10-04','набережна Станіславська, 87, село Олена, 68698','+38 (069) 361-06-64','Ч'),(408,'Святослав','Бабак',3,'1995-09-19','набережна Тиха, 5, село Марія, 77479','254-27-05','Ч'),(409,'Ольга','Салій',3,'2001-05-27','набережна Володимира Винниченка, 397, селище Теодор, 96901','842-93-01','Ж'),(410,'Сніжана','Дубас',2,'1972-10-06','вулиця Михайла Вербицького, 62, село Надія, 08261','+38 015 959 65 38','Ж'),(411,'Тимофій','Гресь',1,'1984-10-11','вулиця Євгена Гребінки, 65, місто Еріка, 51785','055 266 44 77','Ч'),(412,'Данило','Дутка',1,'2000-12-11','набережна Миколи Леонтовича, 04, селище Демʼян, 18654','001 526 02 93','Ч'),(413,'Аврелій','Яременко',2,'1976-08-19','вулиця Володимира Вернадського, 187, хутір Маруся, 96300','215-23-30','Ч'),(414,'Устим','Чередник',0,'1931-01-04','набережна Михайла Старицького, 478, хутір Леонтій, 12522','+38 046 454-92-92','Ч'),(415,'Леон','Дзиндра',1,'1965-04-29','набережна Богдана Хмельницького, 78, місто Марина, 83383','384 88 53','Ч'),(416,'Одарка','Демʼяненко',2,'1976-01-11','вулиця Героїв Крут, 1, місто Надія, 43716','+38 095 576 09 55','Ж'),(417,'Анастасія','Палій',3,'1995-07-28','набережна Архипа Люльки, 23, хутір Августин, 107886','032 032 97 39','Ж'),(418,'Ігор','Жадан',1,'1978-09-29','вулиця Тита Реваковича, 462, селище Віолетта, 09159','+38 040 563-67-68','Ч'),(419,'Герман ','Франчук',0,'1963-01-13','набережна Індустріальна, 9, місто Пантелеймон, 83996','093 362 51 54','Ч'),(420,'Юстина','Єщенко',2,'1945-12-05','вулиця Миколи Гоголя, 9, хутір Богдан, 03232','+38 079 883 57 55','Ж'),(421,'Світлана','Безбородько',0,'1989-10-06','набережна Прорізна, 420, місто Петро, 67935','751-25-90','Ж'),(422,'Ярослав','Матяш',0,'1957-11-19','вулиця Людвіга ван Бетховена, 7, місто Опанас, 104436','+38 (007) 081-12-54','Ч'),(423,'Вікторія','Жарко',1,'1942-05-28','вулиця Юліуша Словацького, 1, селище Нестор, 71352','044 898 41 98','Ж'),(424,'Степан','Андріїшин',2,'1946-05-31','набережна Механізаторів, 140, хутір Августин, 105221','941-12-65','Ч'),(425,'Василина','Закусило',0,'1981-03-12','набережна Самбірська, 5, село Варфоломій, 82427','057 306-07-84','Ж'),(426,'Леонід','Запорожець',1,'2005-02-11','набережна Ріпницька, 283, місто Веніямин, 82429','+38 078 142-12-36','Ч'),(427,'Надія','Голик',2,'1949-02-26','набережна Млинарська, 965, селище Олег, 99380','476-21-51','Ж'),(428,'Олег','Ярема',2,'1976-10-15','вулиця Володимира Івасюка, 525, місто Христина, 44029','+38 036 100 49 90','Ч'),(429,'Лілія','Засуха',3,'1965-06-30','вулиця Уляни Кравченко, 264, селище Амвросій, 31723','+38 088 384-74-21','Ж'),(430,'Євген','Шведченко',0,'1966-03-25','набережна Братів Кицилів, 042, село Захар, 38789','+38 033 699-71-45','Ч'),(431,'Анастасія','Голик',2,'1972-04-30','набережна Фредеріка Шопена, 8, село Кирило, 58078','050 958-96-14','Ж'),(432,'Павло','Ткаченко',2,'1966-10-08','вулиця Осипа Турянського, 224, хутір Ганна, 38444','477-33-15','Ч'),(433,'Борислав','Жученко',1,'1965-02-10','вулиця Героїв Крут, 1, селище Святослава, 13002','+38 081 223-71-80','Ч'),(434,'Олена','Ірванець',2,'1976-10-31','набережна Тараса Шевченка, 75, хутір Лариса, 101633','+38 041 601-95-95','Ж'),(435,'Ярина','Лубенець',2,'1948-09-14','набережна Володимира Чапельського, 7, селище Альбіна, 33113','002 947-98-94','Ж'),(436,'Ада','Кащенко',2,'1945-12-25','набережна Архипа Люльки, 3, село Леонід, 106164','008 089-33-37','Ж'),(437,'Олена','Луценко',0,'1970-07-10','вулиця 22 Січня, 90, хутір Оксенія, 07908','+38 (051) 857-84-73','Ж'),(438,'Наталія','Демиденко',3,'1960-04-12','вулиця Йосипа Сліпого, 830, хутір Демʼян, 17493','067 551-23-20','Ж'),(439,'Пріска','Башполченко',3,'1982-06-06','набережна Озерна, 00, село Вадим, 04327','284-35-39','Ж'),(440,'Онисим','Туркало',0,'1998-09-21','набережна Модеста Менцинського, 2, селище Єфрем, 16143','043 444 97 63','Ч'),(441,'Мілена','Доценко',3,'1961-02-08','вулиця Володимира Бірчака, 559, селище Антон, 107283','632-67-72','Ж'),(442,'Ігнат','Ємець',0,'1938-04-17','набережна Івана Котляревського, 9, місто Сніжана, 86121','003 811-36-71','Ч'),(443,'Маруся','Примаченко',3,'1968-06-19','вулиця Твердохліба, 525, селище Тарас, 36275','+38 004 021 22 71','Ж'),(444,'Левко','Скирда',3,'2001-10-20','вулиця Січових Стрільців, 8, село Віолетта, 43688','474-02-99','Ч'),(445,'Амалія','Байда',2,'1974-04-30','вулиця Устима Кармелюка, 689, місто Аніта, 58078','+38 (029) 841-01-48','Ж'),(446,'Розалія','Штепа',1,'1936-02-13','набережна Паркова, 128, село Спас, 101284','397-25-95','Ж'),(447,'Назар','Скоробогатько',2,'1968-07-30','набережна Холмська, 4, місто Макар, 23427','033 728 59 96','Ч'),(448,'Станіслав','Бандурка',3,'1963-07-01','вулиця Малий Ринок, 7, місто Яків, 44610','+38 098 739-56-07','Ч'),(449,'Соломія','Ісаєвич',1,'1979-12-18','набережна Олександра Пушкіна, 37, село Охрім, 31435','+38 069 106-02-58','Ж'),(450,'Світлана','Атаманчук',3,'1938-09-27','вулиця Дністровська, 439, хутір Любов, 12654','855-16-52','Ж'),(451,'Ярослава','Ґереґа',2,'1935-11-08','вулиця Володимира Великого, 418, село Антон, 06734','072 818 06 49','Ж'),(452,'Максим','Батюк',1,'1958-08-25','вулиця Зелена, 4, місто Мирон, 61963','915-83-86','Ч'),(453,'Демʼян','Лазаренко',2,'1949-06-11','вулиця Млинарська, 972, хутір Іван, 47872','+38 033 234-73-99','Ч'),(454,'Златослава','Ватаманюк',0,'1933-06-30','набережна Тита Реваковича, 76, хутір Марʼяна, 96830','949-26-18','Ж'),(455,'Лариса','Засуха',2,'1976-04-14','вулиця Петра Дорошенка, 14, селище Семен, 48459','566-80-70','Ж'),(456,'Макар','Павлик',1,'1941-09-24','вулиця Станіслава Людкевича, 3, місто Остап, 103878','+38 076 698-81-94','Ч'),(457,'Людмила','Гузій',0,'1999-12-10','набережна Пластунів, 193, хутір Єфрем, 106269','+38 082 626-44-62','Ж'),(458,'Ярослава','Яремчук',1,'1933-07-23','набережна Кирило - Мефодіївська, 12, хутір Маруся, 24942','029 878-70-42','Ж'),(459,'Аркадій','Ґалаґан',2,'1996-07-23','набережна Івана Котляревського, 886, місто Орхип, 83439','+38 084 480 95 76','Ч'),(460,'Остап','Ісаєнко',3,'1989-08-23','вулиця Дмитра Бурка, 31, хутір Августин, 08025','+38 (008) 039-76-90','Ч'),(461,'Орест','Макогон',3,'1979-07-02','вулиця Архипа Люльки, 5, селище Федір, 88606','626-07-30','Ч'),(462,'Ярема','Ковпак',3,'1959-03-09','вулиця Осипа Турянського, 666, місто Оксенія, 11518','+38 094 425-38-60','Ч'),(463,'Клавдія','Лавренко',3,'1980-05-15','набережна Крушельницької, 7, хутір Опанас, 86938','+38 (057) 732-46-30','Ж'),(464,'Валерій','Якимчук',1,'1940-03-24','набережна Олександра Кониського, 8, село Соломія, 49967','829 72 39','Ч'),(465,'Валентина','Вдовиченко',3,'1968-12-28','вулиця Ірини Вільде, 5, хутір Любов, 74453','308-71-69','Ж'),(466,'Антон','Притула',0,'1963-01-20','набережна Малий Ринок, 760, хутір Богдан, 72359','024-09-94','Ч'),(467,'Данило','Макаренко',2,'1967-04-06','набережна Володимира Великого, 7, місто Марта, 04686','+38 031 560 54 81','Ч'),(468,'Валерій','Царенко',2,'2002-10-15','вулиця Тиха, 2, хутір Трохим, 09602','+38 090 120-17-37','Ч'),(469,'Давид','Яковенко',0,'1936-10-16','набережна Володимира Бірчака, 430, село Віталій, 72961','072 831-55-25','Ч'),(470,'Орхип','Бараник',2,'1952-06-09','вулиця Людвіга ван Бетховена, 98, місто Ярослав, 108181','+38 (072) 517-20-47','Ч'),(471,'Омелян','Засенко',0,'1973-02-02','набережна Олеся Гончара, 4, селище Захар, 45501','+38 043 738 13 76','Ч'),(472,'Ірена','Цісик',3,'1953-11-19','набережна Броніслава Козловського, 0, село Олександр, 35479','+38 032 432-54-35','Ж'),(473,'Богдан','Остапчук',1,'1936-07-02','набережна Дмитра Бортнянського, 16, місто Ігор, 04065','+38 004 729-46-27','Ч'),(474,'Розалія','Яремко',1,'1987-04-25','набережна Уляни Кравченко, 7, місто Ірина, 51931','+38 076 904-06-23','Ж'),(475,'Віолетта','Мірошниченко',3,'1991-03-22','набережна Глінки, 70, хутір Орина, 07026','065 580 87 81','Ж'),(476,'Мирослав','Ейбоженко',2,'1966-06-22','вулиця Марка Кропивницького, 137, селище Антон, 82006','+38 (008) 782-86-25','Ч'),(477,'Зорян','Калениченко',3,'1956-07-12','набережна Зелена, 90, хутір Остап, 28956','085 780 25 88','Ч'),(478,'Михайлина','Гайдамака',3,'1979-06-14','вулиця Василя Стуса, 38, село Володимир, 28295','+38 (030) 935-51-91','Ж'),(479,'Тереза','Архимович',1,'1981-09-19','вулиця Григорія Коссака, 5, місто Августин, 26955','656 01 59','Ж'),(480,'Климент','Вітрук',0,'1994-03-20','набережна Василя Стуса, 8, село Йосип, 84235','053 348-91-65','Ч'),(481,'Анжела','Баранець',1,'1952-03-13','набережна Юліуша Словацького, 625, місто Роман, 02195','+38 061 096-69-35','Ж'),(482,'Розалія','Шведченко',1,'1961-09-27','вулиця Східна, 97, місто Борислав, 33995','+38 041 999-68-30','Ж'),(483,'Ростислав','Зінчук',3,'1985-04-02','набережна Бойківська, 4, хутір Анжела, 109667','038 90 48','Ч'),(484,'Мілена','Штокало',1,'1960-05-29','вулиця Андрія Чайковського, 951, хутір Єлисей, 71537','+38 020 090 30 16','Ж'),(485,'Амвросій','Бевзенко',1,'1997-07-18','вулиця Григорія Сковороди, 8, місто Андрій, 45499','719-36-72','Ч'),(486,'Августин','Карпенко',3,'1991-05-27','вулиця Северина Наливайка, 12, місто Давид, 106883','661 96 00','Ч'),(487,'Мартин','Деряжний',3,'1957-05-29','набережна Твердохліба, 39, хутір Еріка, 43386','280-66-42','Ч'),(488,'Сергій','Лесик',3,'1963-05-02','набережна Юрія Федьковича, 737, місто Михайло, 08910','+38 071 703-85-64','Ч'),(489,'Владислав','Забашта',3,'1984-05-18','вулиця Богдана Хмельницького, 25, селище Ірина, 43345','+38 072 478-53-51','Ч'),(490,'Богдан','Аврамчук',0,'1968-07-25','набережна Андрея Шептицького, 9, місто Пармен, 24757','+38 (082) 472-88-01','Ч'),(491,'Емілія','Ткаченко',0,'1963-05-05','вулиця Володимира Гнатюка, 1, місто Клавдія, 07350','084 655 68 51','Ж'),(492,'Христина','Щербань',3,'2004-01-30','набережна Данила Нечая, 29, село Єлисавета, 109908','077 63 68','Ж'),(493,'Ірина','Ґалаґан',3,'1943-12-14','набережна Максима Рильського, 453, село Алла, 06706','+38 (059) 928-19-78','Ж'),(494,'Лариса','Кабалюк',1,'1985-03-12','вулиця Дмитра Бортнянського, 790, селище Емілія, 92737','+38 (057) 976-91-57','Ж'),(495,'Пармен','Масоха',0,'1950-10-20','набережна Раневицька, 309, хутір Мирон, 31730','017 638 48 67','Ч'),(496,'Борислав','Величко',1,'1979-04-11','набережна Дмитра Грицая, 462, місто Алла, 11900','+38 (043) 084-01-45','Ч'),(497,'Макар','Теліженко',2,'1956-04-01','набережна Григорія Коссака, 3, селище Остап, 76116','061 27 62','Ч'),(498,'Ярина','Ковпак',1,'1951-03-31','вулиця Механізаторів, 8, селище Данна, 106031','066 151-27-51','Ж'),(499,'Марко','Аронець',0,'1987-06-05','набережна Остапа Вишні, 997, місто Соломон, 76567','751-88-39','Ч'),(500,'Валентина','Голобородько',2,'1948-12-09','набережна Козацька, 2, місто Аліна, 24131','612 69 06','Ж'),(501,'Соломія','Алексеєнко',0,'1985-10-15','вулиця Андрея Шептицького, 399, хутір Євген, 72442','337 29 63','Ж'),(502,'Ірина','Єсипенко',2,'2002-10-17','набережна Стрийська, 7, місто Аврелій, 16967','083 178-16-27','Ж'),(503,'Орест','Баклан',2,'1941-07-28','набережна Михайла Зубрицького, 082, село Ігнат, 05286','360 12 06','Ч'),(504,'Віра','Ємельяненко',2,'1949-12-28','вулиця Паркова, 582, хутір Пармен, 47745','+38 083 653-03-72','Ж'),(505,'Ярослава','Чорновіл',1,'1957-06-23','набережна Івана Карпенка-Карого, 370, село Остап, 04841','398-61-59','Ж'),(506,'Михайло','Ребрик',3,'1950-03-02','набережна Володимира Великого, 9, місто Пилип, 46300','+38 001 102-40-45','Ч'),(507,'Одарка','Деряжний',0,'1958-01-30','набережна Устима Кармелюка, 4, місто Альбіна, 38758','+38 027 356-24-63','Ж'),(508,'Ганна','Романчук',0,'1974-02-01','вулиця Мирослава Тураша, 3, хутір Руслан, 21403','682-90-12','Ж'),(509,'Данна','Кабаненко',1,'1977-08-30','вулиця 22 Січня, 306, селище Богуслава, 103032','603 85 62','Ж'),(510,'Сніжана','Кибкало',1,'1981-02-08','вулиця Володимира Чапельського, 95, місто Пантелеймон, 27817','+38 049 879 84 15','Ж'),(511,'Мирон','Їжак',2,'1944-01-29','вулиця Якова Головацького, 80, селище Святослав, 74036','034 342 85 23','Ч'),(512,'Ірена','Пелех',3,'1999-02-04','вулиця Лемківська, 73, хутір Володимира, 104237','+38 089 367 41 13','Ж'),(513,'Амвросій','Гайдай',1,'1949-06-18','вулиця Остапа Вишні, 85, селище Олег, 53434','+38 021 436-18-17','Ч'),(514,'Альбіна','Саченко',2,'1981-02-28','вулиця Січових Стрільців, 618, місто Вадим, 73404','+38 (095) 203-00-71','Ж'),(515,'Хома','Вергун',3,'2000-09-15','набережна Василя Стуса, 46, селище Світлана, 53120','+38 080 042-37-10','Ч'),(516,'Мирон','Дурдинець',3,'1969-01-04','вулиця Січових Стрільців, 6, місто Альберт, 23264','076 409-10-09','Ч'),(517,'Роман','Матяш',0,'1972-07-15','вулиця Адама Міцкевича, 24, місто Йосип, 109104','304-51-16','Ч'),(518,'Павло','Стус',1,'1990-02-09','набережна В\'ячеслава Чорновола, 159, селище Оксенія, 103178','+38 068 644-03-60','Ч'),(519,'Герман ','Ґерета',1,'1981-08-15','вулиця Івана Франка, 339, хутір Мілена, 84521','+38 035 937-80-35','Ч'),(520,'Лесь','Ґжицький',3,'1982-02-17','набережна Паркова, 185, місто Болеслав, 07541','+38 057 712-79-69','Ч'),(521,'Гордій','Давимука',2,'2003-05-01','вулиця Петра Сагайдачного, 9, місто Емілія, 81323','089 334-03-05','Ч'),(522,'Амалія','Бабиченко',0,'1963-07-09','набережна Адама Міцкевича, 4, хутір Ганна, 81689','+38 (070) 515-50-32','Ж'),(523,'Одарка','Ірванець',0,'1938-01-18','вулиця Архипа Люльки, 113, село Амвросій, 57451','+38 032 247 97 60','Ж'),(524,'Остап','Данченко',1,'2004-09-21','набережна Карпатська, 059, місто Аніта, 69982','+38 068 039-93-41','Ч'),(525,'Марина','Шухевич',2,'1950-07-03','вулиця Вербова, 483, місто Віталій, 104287','+38 (075) 508-27-45','Ж'),(526,'Алевтин','Сіробаба',2,'1957-06-13','вулиця Твердохліба, 03, селище Розалія, 88008','+38 (049) 300-14-02','Ч'),(527,'Давид','Вишняк',3,'1966-12-12','набережна Мирона Тарнавського, 551, місто Теодор, 02498','118 36 92','Ч'),(528,'Софія','Деревʼянко',1,'1983-07-05','вулиця Івана Вагилевича, 03, село Олесь, 33069','968 32 69','Ж'),(529,'Яків','Зарудний',2,'1938-04-15','вулиця Богдана Лепкого, 6, хутір Мирон, 44408','057 995 90 40','Ч'),(530,'Ярослав','Петренко',1,'1942-04-15','вулиця Михайла Павлика, 50, селище Сергій, 22695','036 876-36-54','Ч'),(531,'Ілля','Данильчук',2,'1983-01-27','набережна Шолом Алейхема, 535, село Костянтин, 56862','+38 091 537-70-39','Ч'),(532,'Венедикт','Смик',1,'1972-04-26','вулиця Устияновичів, 1, хутір Оксана, 102527','+38 076 531-98-78','Ч'),(533,'Владислав','Тесленко',2,'1952-08-18','вулиця Холмська, 0, хутір Максим, 87541','+38 077 618 18 04','Ч'),(534,'Мирослав','Негода',3,'1954-12-11','набережна Станіславська, 8, місто Сніжана, 101281','510-21-72','Ч'),(535,'Дмитро','Їжакевич',2,'1948-12-16','вулиця Остапа Вишні, 38, хутір Соломія, 22807','+38 (092) 497-94-52','Ч'),(536,'Феофан','Чміль',2,'2003-06-23','вулиця Модеста Менцинського, 4, хутір Віталій, 79326','+38 037 283 86 28','Ч'),(537,'Іван','Жаліло',0,'1984-03-21','вулиця Шевська, 074, хутір Михайлина, 75491','+38 081 209-52-49','Ч'),(538,'Олесь','Засенко',0,'1990-10-23','вулиця Шкільна, 4, селище Ігор, 22834','+38 014 505-25-02','Ч'),(539,'Мирослав','Зарудний',1,'1975-05-30','набережна Бруно Шульца, 4, селище Венедикт, 81185','397 70 31','Ч'),(540,'Демʼян','Фесенко',3,'2002-02-28','вулиця Малий Ринок, 629, селище Феофан, 95139','035 942 71 65','Ч'),(541,'Орися','Жадан',1,'1989-04-07','набережна Тараса Шевченка, 5, село Варвара, 75068','079 766 88 17','Ж'),(542,'Христина','Ярема',1,'1974-04-07','вулиця Різдвяна, 302, село Олесь, 85110','024 776-63-91','Ж'),(543,'Оксана','Цибуленко',0,'1952-12-25','набережна Братів Кицилів, 2, село Михайло, 13279','+38 074 598-66-76','Ж'),(544,'Світлана','Артюшенко',2,'1979-01-15','набережна Трускавецька, 208, місто Аліна, 88495','933 40 48','Ж'),(545,'Едита','Єщенко',1,'1970-04-18','вулиця Івана Вендзиловича, 567, хутір Нестор, 03058','+38 007 683 75 72','Ж'),(546,'Валерій','Бандура',0,'1960-08-12','вулиця Глінки, 81, місто Альберт, 93123','559 38 00','Ч'),(547,'Ада','Литвин',1,'1968-02-02','набережна Володимира Чапельського, 08, хутір Павло, 71634','463-98-26','Ж'),(548,'Семен','Іщенко',3,'1987-04-24','набережна Марії Заньковецької, 0, місто Камілла, 67245','+38 042 721-05-64','Ч'),(549,'Устим','Лубенець',0,'1957-08-09','вулиця Гончарська, 100, селище Михайло, 39299','+38 074 082 11 52','Ч'),(550,'Михайлина','Хоменко',2,'1994-12-23','набережна Нова, 783, село Ростислав, 97270','737-69-15','Ж'),(551,'Зорян','Гаврилишин',3,'1983-06-29','вулиця Братів Кицилів, 73, місто Ігнат, 59497','+38 028 152-16-77','Ч'),(552,'Сніжана','Хомик',1,'2005-04-14','набережна Йосифа Стадника, 096, місто Степан, 94896','033 956 73 02','Ж'),(553,'Панас','Товстуха',0,'1964-12-07','набережна Миколи Леонтовича, 95, село Ярослава, 88424','+38 087 001-98-41','Ч'),(554,'Едита','Алексюк',3,'1980-03-16','набережна Володимира Вернадського, 1, хутір Станіслав, 85965','270-30-14','Ж'),(555,'Марта','Шамрай',3,'1965-06-11','вулиця Гончарська, 482, місто Валентин, 82936','+38 (063) 655-95-20','Ж'),(556,'Сніжана','Височан',2,'1961-08-27','набережна Остапа Вишні, 23, хутір Леонід, 11418','627 74 95','Ж'),(557,'Надія','Аронець',2,'1995-04-20','набережна Рихтицька, 348, селище Богуслава, 87786','037 899-91-11','Ж'),(558,'Мирон','Заєць',1,'1961-02-14','вулиця Карпатська, 2, село Сергій, 108663','+38 093 516-34-36','Ч'),(559,'Ірина','Байда',0,'1958-04-18','набережна Андрія Мельника, 2, хутір Панас, 32646','+38 033 557-57-62','Ж'),(560,'Орина','Талан',0,'1951-02-04','набережна Фредеріка Шопена, 8, селище Феофан, 17194','292 01 78','Ж'),(561,'Одарка','Каденюк',2,'1985-08-05','вулиця Михайла Старицького, 908, хутір Пармен, 42904','089-56-47','Ж'),(562,'Феофан','Овсієнко',2,'1956-12-21','набережна Івана Мазепи, 29, місто Станіслав, 96919','511 05 67','Ч'),(563,'Феофан','Литвиненко',1,'1971-10-02','вулиця Зелена, 31, місто Олесь, 66784','+38 046 375-74-11','Ч'),(564,'Олекса','Атаманчук',1,'1953-11-03','вулиця Івана Котляревського, 583, місто Симон, 26104','086 532 13 97','Ч'),(565,'Борислав','Дрозденко',2,'1934-07-27','вулиця Нова, 039, хутір Тарас, 03067','702-83-31','Ч'),(566,'Едуард','Симоненко',1,'1959-03-04','вулиця Зелена, 78, селище Трохим, 97643','308 21 64','Ч'),(567,'Орина','Якименко',0,'1958-06-09','набережна Івана Труша, 39, хутір Лукʼян, 77257','299-65-24','Ж'),(568,'Ігнат','Онуфрієнко',2,'1989-10-20','вулиця Шота Руставелі, 10, місто Амвросій, 72563','409 36 14','Ч'),(569,'Едита','Юрченко',3,'1984-02-27','набережна Холмська, 6, селище Гліб, 55968','+38 044 754-07-34','Ж'),(570,'Аркадій','Баранець',0,'1974-01-17','вулиця Зварицька, 94, селище Ярослава, 17187','+38 003 945-02-67','Ч'),(571,'Нестор','Шахрай',2,'1998-06-13','набережна Раневицька, 1, селище Амалія, 99976','+38 019 145 83 39','Ч'),(572,'Йосип','Скиба',1,'1937-02-18','вулиця Шота Руставелі, 65, місто Ада, 88929','+38 042 314-45-16','Ч'),(573,'Пармен','Баклан',0,'1996-04-17','вулиця Грюнвальдська, 69, хутір Вʼячеслав, 77894','+38 007 269 75 64','Ч'),(574,'Антон','Коваленко',0,'1990-05-05','вулиця Людвіга ван Бетховена, 4, селище Франц, 95646','+38 078 766-56-30','Ч'),(575,'Тереза','Адамчук',1,'2005-06-26','набережна Дністровська, 883, місто Орхип, 51968','195-85-09','Ж'),(576,'Ярослава','Демʼянюк',3,'1931-05-15','вулиця Володимира Бірчака, 592, місто Кирило, 67354','+38 033 765 17 06','Ж'),(577,'Зиновій','Андрійчук',1,'1947-07-21','набережна Модеста Менцинського, 786, хутір Нестор, 101003','821 69 98','Ч'),(578,'Адам','Корсун',1,'1972-12-14','набережна Михайла Зубрицького, 490, селище Ірина, 71650','073 825-81-31','Ч'),(579,'Нестор','Батюк',3,'1945-04-19','вулиця Івана Верхратського, 983, село Роксолана, 109147','051 701-60-82','Ч'),(580,'Роксолана','Малишко',3,'1956-05-29','вулиця Адама Міцкевича, 6, селище Станіслав, 91740','096 108 28 71','Ж'),(581,'Дарина','Фесенко',0,'1938-02-05','вулиця Марії Заньковецької, 0, хутір Іван, 75077','+38 027 743-56-41','Ж'),(582,'Олена','Алексюк',0,'1960-02-27','вулиця Володимира Бірчака, 500, селище Еріка, 76866','512 78 78','Ж'),(583,'Єлисавета','Шамрай',1,'1948-08-25','набережна Йосипа Левицького, 904, селище Адам, 48850','+38 073 059-24-71','Ж'),(584,'Віолетта','Башполченко',3,'1948-08-28','набережна Олекси Довбуша, 8, місто Азар, 98515','033 310 27 24','Ж'),(585,'Єлисавета','Короленко',1,'1946-10-02','вулиця Юрія Федьковича, 554, хутір Микита, 97904','880-00-01','Ж'),(586,'Пантелеймон','Алексійчук',2,'1954-03-27','вулиця Бориса Грінченка, 2, хутір Юхим, 88018','029 645 72 95','Ч'),(587,'Віолетта','Гречаник',1,'1932-01-19','вулиця Бориса Грінченка, 21, місто Ольга, 52534','026 565 59 95','Ж'),(588,'Ярина','Годунок',2,'2003-09-12','набережна Шота Руставелі, 57, місто Ярема, 29334','032 181 20 37','Ж'),(589,'Варвара','Масляк',3,'1936-04-01','вулиця Рихтицька, 55, місто Веніямин, 05461','050 329 01 74','Ж'),(590,'Віра','Супруненко',2,'1963-03-06','вулиця Тита Реваковича, 1, місто Гліб, 57938','+38 071 361-53-00','Ж'),(591,'Станіслав','Бабиченко',1,'2001-07-14','вулиця Нафтовиків, 82, селище Лариса, 35510','+38 (058) 094-85-28','Ч'),(592,'Євген','Архипенко',3,'1938-09-28','вулиця Дмитра Бурка, 06, хутір Єфрем, 75099','081 53 22','Ч'),(593,'Альберт','Хорішко',2,'1957-09-23','вулиця Михайла Коцюбинського, 684, селище Ярослава, 67676','+38 (008) 342-75-87','Ч'),(594,'Пантелеймон','Шовкопляс',0,'1932-11-19','набережна Пилипа Орлика, 2, селище Августин, 06891','478-01-96','Ч'),(595,'Софія','Колесниченко',3,'1987-04-12','набережна Карпатська, 62, село Марʼяна, 81222','053 998-08-16','Ж'),(596,'Вʼячеслав','Іщак',0,'1942-06-08','вулиця Твердохліба, 13, селище Марина, 86820','036 333 98 10','Ч'),(597,'Роксолана','Василевич',3,'1945-08-08','вулиця Коминярська, 662, селище Пріска, 93511','087 565-74-94','Ж'),(598,'Валентин','Забашта',2,'1950-08-20','набережна Спартака, 86, хутір Демʼян, 51651','+38 083 141-79-96','Ч'),(599,'Олена','Макаренко',0,'1948-06-20','набережна Олександра Кониського, 965, селище Лесь, 55511','+38 (048) 787-04-73','Ж'),(600,'Болеслав','Усик',1,'1945-10-26','набережна Шолом Алейхема, 6, село Варфоломій, 18012','+38 029 875 53 78','Ч'),(601,'Едита','Адамчук',3,'1971-06-01','вулиця Мирона Тарнавського, 90, село Едуард, 97307','+38 088 066-37-45','Ж'),(602,'Вікторія','Бакуменко',3,'1952-12-30','вулиця Стрийська, 1, місто Андрій, 14655','097 108-16-03','Ж'),(603,'Симон','Килимник',0,'1934-09-24','набережна Олексндра Довженка, 972, село Кирило, 101527','603 76 14','Ч'),(604,'Кирило','Кармалюк',2,'1944-08-30','вулиця Львівська, 27, місто Віктор, 59097','098 802-43-85','Ч'),(605,'Опанас','Слюсар',1,'1993-01-14','вулиця Фредеріка Шопена, 4, хутір Георгій, 25566','136 79 92','Ч'),(606,'Соломон','Цибуленко',3,'1951-05-26','вулиця Зварицька, 6, селище Альбіна, 24310','+38 044 744-91-70','Ч'),(607,'Пармен','Єрошенко',1,'1968-10-24','вулиця Маріїнська, 532, хутір Євген, 68604','014 784-72-29','Ч'),(608,'Мирон','Свириденко',0,'1940-02-21','вулиця Володимира Івасюка, 776, місто Мирослав, 79674','+38 087 138-93-23','Ч'),(609,'Олександр','Гаєвський',3,'1934-12-18','вулиця Вокзальна, 19, хутір Болеслав, 99400','+38 (092) 288-61-58','Ч'),(610,'Мартин','Юхименко',0,'1949-06-04','набережна Йосипа Левицького, 3, хутір Варфоломій, 105826','041 385 64 69','Ч'),(611,'Лариса','Зубко',0,'1943-03-16','вулиця Захарії Копистенського, 632, селище Опанас, 31137','871 89 60','Ж'),(612,'Володимира','Гайдабура',2,'1992-02-11','набережна Йосифа Стадника, 79, село Дарина, 102633','+38 000 425-10-61','Ж'),(613,'Віолетта','Масоха',2,'1975-09-18','набережна Озерна, 670, селище Гаврило, 78009','211 93 75','Ж'),(614,'Ірина','Єщенко',3,'1971-01-23','набережна Озерна, 7, місто Мирон, 73733','057 211 89 74','Ж'),(615,'Юстим','Забашта',0,'1956-09-12','набережна Бойківська, 796, місто Ольга, 64909','+38 031 623-63-07','Ч'),(616,'Лілія','Андрійович',3,'1992-08-11','набережна Петра Дорошенка, 552, село Світлана, 17435','+38 075 077-94-09','Ж'),(617,'Борис','Шелест',0,'1965-05-06','набережна Миколи Лисенка, 40, селище Гаврило, 87816','+38 (088) 308-00-65','Ч'),(618,'Пилип','Абрагамовський',1,'2004-11-10','вулиця Юліуша Словацького, 2, місто Василина, 53070','+38 025 946-74-15','Ч'),(619,'Єфрем','Якимчук',1,'1977-12-24','вулиця Бориса Грінченка, 50, місто Онисим, 03986','+38 090 710 22 29','Ч'),(620,'Христина','Шухевич',0,'1935-01-29','вулиця Шкільна, 3, місто Алла, 66294','074 461 51 15','Ж'),(621,'Тетяна','Баран',3,'1958-07-16','вулиця Лева Толстого, 0, село Пармен, 18672','+38 076 574 85 39','Ж'),(622,'Марина','Деряжний',1,'1942-01-08','вулиця Пилипа Орлика, 6, село Зорян, 92314','040 375-20-33','Ж'),(623,'Леонід','Ющенко',2,'1996-02-28','вулиця Якова Головацького, 8, селище Олег, 04868','912 98 72','Ч'),(624,'Галина','Лисенко',0,'1998-09-09','набережна Нафтовиків, 28, місто Олекса, 43890','000 928-26-22','Ж'),(625,'Трохим','Жадан',1,'1938-02-20','вулиця Тараса Шевченка, 712, селище Климент, 14652','046 857 28 20','Ч'),(626,'Галина','Бабариченко',1,'1938-01-12','набережна Якова Головацького, 1, селище Орхип, 93622','+38 008 745 42 68','Ж'),(627,'Зорян','Назаренко',1,'1982-10-22','набережна Якова Головацького, 767, місто Аліна, 39581','+38 036 269-04-75','Ч'),(628,'Марко','Євдокименко',3,'1953-10-08','вулиця Івана Мазепи, 74, хутір Миколай, 52528','998-40-30','Ч'),(629,'Ганна','Орлик',1,'1972-04-18','вулиця Музична, 8, село Василь, 23667','043 330-07-14','Ж'),(630,'Віктор','Артим',2,'1934-05-13','набережна Володимира Вернадського, 102, місто Леонід, 03226','947 53 43','Ч'),(631,'Микита','Канівець',0,'1943-12-14','вулиця Східна, 0, хутір Василь, 42510','297-49-41','Ч'),(632,'Ілля','Ємельяненко',2,'1990-10-27','вулиця Твердохліба, 369, місто Владислав, 32292','+38 012 691 37 27','Ч'),(633,'Сніжана','Деркач',0,'1975-04-28','набережна Тита Реваковича, 74, селище Лариса, 56074','038 968 40 45','Ж'),(634,'Маруся','Бабенко',1,'2005-03-08','набережна Музична, 12, хутір Дмитро, 08078','064 602-44-54','Ж'),(635,'Антон','Проценко',3,'1959-09-08','набережна Індустріальна, 523, селище Демʼян, 17363','+38 (063) 386-23-96','Ч'),(636,'Петро','Баранник',3,'1978-07-23','набережна Пластунів, 9, селище Григорій, 75042','+38 074 327-22-96','Ч'),(637,'Давид','Фартушняк',3,'1985-09-01','набережна Вокзальна, 3, селище Венедикт, 15960','+38 082 314-92-37','Ч'),(638,'Софія','Сірченко',3,'1974-06-04','набережна Фабрична, 87, хутір Лілія, 89281','+38 045 454 16 48','Ж'),(639,'Василина','Онищенко',2,'1955-04-09','вулиця Устияновичів, 1, місто Арсен, 24780','895 42 95','Ж'),(640,'Ліза','Пустовіт',0,'1996-03-11','вулиця Дмитра Котка, 8, село Прохір, 78002','042 879 35 91','Ж'),(641,'Емілія','Дейнеко',0,'1936-03-06','вулиця Павла Грабовського, 321, місто Тарас, 26214','+38 066 700-11-21','Ж'),(642,'Мартин','Забіла',1,'1968-01-08','вулиця Володимира Івасюка, 1, місто Камілла, 29935','076 017-46-93','Ч'),(643,'Лукʼян','Гайворонський',3,'1994-07-22','набережна Івана Верхратського, 546, селище Орхип, 17822','130-22-04','Ч'),(644,'Марʼяна','Гупало',3,'1981-05-19','вулиця Карпатська, 6, хутір Орися, 84519','+38 036 937 20 11','Ж'),(645,'Ада','Зінчук',0,'1940-07-07','вулиця Івана Пулюя, 90, місто Аліна, 96104','742-80-08','Ж'),(646,'Аліна','Міщенко',3,'1982-10-28','набережна Северина Наливайка, 156, місто Климент, 64917','+38 019 166-56-48','Ж'),(647,'Варвара','Ґереґа',0,'2005-08-13','набережна Лева Толстого, 3, місто Борис, 15703','084 580-85-32','Ж'),(648,'Надія','Фесенко',0,'1943-02-26','набережна Лева Толстого, 92, селище Єлисей, 56599','002 035 18 82','Ж'),(649,'Еріка','Пушкар',2,'1980-07-25','набережна Солоний Ставок, 476, хутір Єфрем, 66598','057 59 49','Ж'),(650,'Вікторія','Терещук',0,'1939-09-19','набережна Спортивна, 1, місто Петро, 89631','+38 027 837-53-06','Ж'),(651,'Клавдія','Проценко',1,'1932-08-26','набережна Паркова, 14, хутір Лариса, 18388','003 784-42-00','Ж'),(652,'Віолетта','Матяш',3,'1938-03-06','вулиця Дмитра Грицая, 329, село Микита, 89351','+38 029 224-57-41','Ж'),(653,'Святослава','Товстуха',3,'1988-06-06','вулиця Січових Стрільців, 011, місто Болеслав, 77550','389 92 78','Ж'),(654,'Алла','Остапчук',3,'1973-03-07','вулиця Фредеріка Шопена, 4, селище Орися, 82720','220-18-94','Ж'),(655,'Ярослава','Забіла',3,'1951-02-16','набережна Лесі Українки, 00, місто Валентина, 04753','034 344-91-07','Ж'),(656,'Данна','Тимченко',2,'1995-01-30','набережна Олексндра Довженка, 052, село Володимир, 28471','+38 025 010-58-21','Ж'),(657,'Юстина','Деркач',0,'1977-08-06','набережна Паркова, 747, селище Яків, 91940','+38 092 870-97-25','Ж'),(658,'Ганна','Філіпенко',1,'1932-04-24','вулиця Лева Толстого, 824, хутір Анастасія, 31004','+38 032 485-19-19','Ж'),(659,'Мирон','Михалюк',0,'1969-09-23','набережна Грюнвальдська, 085, місто Мартин, 57931','+38 021 648 80 15','Ч'),(660,'Омелян','Онуфрієнко',3,'1961-12-12','набережна Героїв Крут, 27, хутір Зорян, 31283','079 142-48-37','Ч'),(661,'Іван','Давимука',0,'1934-04-14','вулиця Василя Барського, 513, місто Олесь, 18385','121-17-90','Ч'),(662,'Тереза','Ісаєвич',3,'1988-08-10','набережна Уляни Кравченко, 78, місто Аліна, 05458','+38 007 817-35-34','Ж'),(663,'Гліб','Чумаченко',0,'1957-01-10','вулиця Бориса Грінченка, 6, селище Василина, 105695','295-41-06','Ч'),(664,'Богданна','Гречко',2,'1978-11-08','набережна Андрія Чайковського, 8, селище Макар, 07944','+38 044 755-94-80','Ж'),(665,'Вʼячеслав','Габелко',1,'1987-09-28','вулиця Марії Заньковецької, 97, місто Ігор, 93983','249 93 19','Ч'),(666,'Святослава','Михалюк',2,'1959-05-09','вулиця Івана Підкови, 917, село Опанас, 38675','+38 083 128-45-43','Ж'),(667,'Владислав','Вітрук',1,'1972-02-10','набережна Володимира Винниченка, 70, хутір Левко, 52631','+38 (030) 741-01-29','Ч'),(668,'Любов','Данильчук',2,'1965-05-18','набережна Рихтицька, 5, селище Зиновій, 32366','+38 058 632-14-92','Ж'),(669,'Єфрем','Ейбоженко',3,'1934-01-20','набережна Василя Стуса, 59, село Ярослав, 44631','007 350 52 24','Ч'),(670,'Христина','Ляшко',2,'1966-10-29','вулиця Тиха, 267, село Феофан, 64134','003 065 61 78','Ж'),(671,'Мартин','Даценко',0,'1999-02-12','набережна Леся Курбаса, 05, місто Зорян, 69596','+38 (059) 444-32-09','Ч'),(672,'Юстим','Михалюк',0,'1971-01-02','вулиця Йосипа Левицького, 382, селище Ліза, 18842','074 858-08-51','Ч'),(673,'Данна','Бандера',0,'1976-11-01','вулиця Миколи Некрасова, 954, село Володимира, 01092','083 583-27-59','Ж'),(674,'Ірена','Данчук',3,'2002-08-02','набережна Івана Мазепи, 01, хутір Оксенія, 65394','+38 001 675 96 92','Ж'),(675,'Наталія','Затула',0,'1941-11-17','набережна Буковинська, 39, місто Борис, 36012','320 96 30','Ж'),(676,'Зиновій','Кальченко',2,'1976-01-05','набережна Миколи Гоголя, 9, селище Софія, 26163','513 96 55','Ч'),(677,'Тарас','Рябченко',1,'1953-10-23','набережна Бруно Шульца, 126, місто Дарина, 96423','038 234 33 90','Ч'),(678,'Мілена','Копитко',0,'1971-07-13','набережна Якова Головацького, 6, місто Хома, 14002','059 707 80 10','Ж'),(679,'Надія','Яценюк',3,'1971-03-10','вулиця Максима Рильського, 2, селище Ліза, 44946','+38 077 122-27-15','Ж'),(680,'Мирослав','Жаліло',1,'1978-01-17','набережна Спартака, 078, місто Оксенія, 05530','016 873 25 24','Ч'),(681,'Макар','Рак',3,'2005-07-04','вулиця Гончарська, 55, місто Станіслав, 71805','472-13-19','Ч'),(682,'Анастасія','Данильчук',1,'1960-07-05','вулиця Олександра Пушкіна, 669, місто Мирослав, 54216','008 823 80 15','Ж'),(683,'Святослава','Гоголь-Яновський',1,'1945-04-27','набережна Ковальська, 5, село Опанас, 102690','+38 089 232-27-38','Ж'),(684,'Борислав','Єфименко',0,'1964-09-06','вулиця Якова Головацького, 5, село Ярина, 84795','+38 030 497-04-85','Ч'),(685,'Геннадій','Якимчук',2,'1987-01-19','вулиця Механізаторів, 929, селище Віталій, 101827','+38 059 596-70-10','Ч'),(686,'Опанас','Фаренюк',3,'1968-08-31','набережна Дністровська, 19, хутір Ірина, 34569','+38 063 380-55-25','Ч'),(687,'Владислав','Сомко',1,'1982-11-23','вулиця Прорізна, 44, хутір Сніжана, 75850','087 575 39 25','Ч'),(688,'Святослава','Василечко',3,'1990-11-03','вулиця Івана Макуха, 630, хутір Венедикт, 87187','005 556-07-08','Ж'),(689,'Еріка','Вишиваний',2,'1971-12-09','набережна Володимира Чапельського, 978, місто Миколай, 86255','+38 054 497-41-05','Ж'),(690,'Опанас','Тесля',3,'1982-04-09','набережна Адама Міцкевича, 1, місто Семен, 36500','908-26-30','Ч'),(691,'Одарка','Євтушок',0,'1931-11-20','вулиця Степана Коваліва, 49, селище Захар, 61608','+38 058 326-06-29','Ж'),(692,'Аркадій','Бевзенко',1,'1936-10-13','вулиця Київська, 1, село Франц, 19843','+38 (055) 379-88-45','Ч'),(693,'Валентина','Нестеренко',2,'1943-01-06','набережна Шота Руставелі, 61, село Алевтин, 07982','579-55-80','Ж'),(694,'Іван','Фаренюк',3,'1975-07-05','вулиця Гайдамацька, 43, село Тимофій, 44715','+38 095 677-96-48','Ч'),(695,'Ростислав','Яременко',2,'1990-12-18','набережна Раневицька, 093, хутір Леон, 32940','+38 016 115-53-53','Ч'),(696,'Варвара','Мазепа',2,'2002-02-10','набережна Крушельницької, 41, хутір Дан, 87593','+38 037 645-30-46','Ж'),(697,'Гліб','Шевченко',1,'1962-08-09','набережна Гайдамацька, 4, село Аркадій, 46718','+38 054 182 57 01','Ч'),(698,'Дмитро','Чуприна',2,'1954-07-23','вулиця Юрія Дрогобича, 38, місто Павло, 87184','+38 004 268 52 26','Ч'),(699,'Леопольд','Баранник',0,'1966-06-19','набережна Євгена Гребінки, 7, село Опанас, 36632','+38 (045) 011-07-19','Ч'),(700,'Ірена','Сірченко',3,'1976-03-02','вулиця Івана Вагилевича, 33, хутір Григорій, 25406','045 514-24-85','Ж'),(701,'Леопольд','Панчук',0,'1964-06-27','набережна Фабрична, 920, селище Володимира, 73506','+38 077 590-35-58','Ч'),(702,'Єлисавета','Базилевич',1,'1972-04-06','вулиця Устима Кармелюка, 5, хутір Франц, 92600','065 104-40-44','Ж'),(703,'Камілла','Палій',0,'1993-12-06','набережна Миколи Некрасова, 2, село Степан, 66123','+38 054 312-48-60','Ж'),(704,'Феофан','Габелко',1,'2005-06-08','вулиця Станіслава Людкевича, 020, місто Віолетта, 97819','+38 042 270 49 07','Ч'),(705,'Теодор','Корбут',2,'1940-02-05','вулиця Рихтицька, 5, місто Олесь, 106484','072-15-11','Ч'),(706,'Тетяна','Коваленко',0,'1958-10-21','вулиця Івана Франка, 370, хутір Галина, 05386','050 553 43 24','Ж'),(707,'Людмила','Слюсар',1,'1975-06-24','набережна Івана Вагилевича, 9, селище Назар, 99167','761 67 04','Ж'),(708,'Аркадій','Оробець',0,'1957-09-05','вулиця Тисменицька, 79, хутір Юхим, 57864','014 159-94-02','Ч'),(709,'Марія','Чуприна',3,'1972-03-23','вулиця Зварицька, 925, хутір Юхим, 32454','130-90-51','Ж'),(710,'Володимира','Ткаченко',2,'1945-04-23','вулиця Гайдамацька, 278, хутір Борислав, 108276','+38 045 363-09-22','Ж'),(711,'Емілія','Ляшко',0,'1952-02-11','вулиця Уляни Кравченко, 033, хутір Аніта, 47718','+38 (007) 008-35-40','Ж'),(712,'Аніта','Бабариченко',2,'1943-10-21','вулиця Василя Барського, 4, місто Владислав, 36692','797 16 05','Ж'),(713,'Степан','Філіпенко',1,'1954-09-18','вулиця Богдана Хмельницького, 846, місто Валерій, 04014','080 648 98 48','Ч'),(714,'Віра','Титаренко',0,'1998-01-10','набережна Григорія Коссака, 8, місто Віктор, 71196','629 90 90','Ж'),(715,'Станіслав','Дубина',2,'1992-03-22','набережна Михайла Коцюбинського, 44, село Юстина, 58139','+38 (038) 779-40-68','Ч'),(716,'Тарас','Пушкар',3,'1935-05-01','набережна Маркіяна Шашкевича, 50, село Юстим, 19719','+38 032 491-32-41','Ч'),(717,'Павло','Василевич',0,'1957-02-02','вулиця Зварицька, 7, село Гаврило, 77169','009 154 23 75','Ч'),(718,'Артем','Баранець',3,'1953-07-30','вулиця Коминярська, 484, селище Марта, 75584','+38 004 338-55-42','Ч'),(719,'Орхип','Гаврюшенко',1,'1986-12-15','вулиця Михайла Павлика, 18, село Болеслав, 103744','936 33 89','Ч'),(720,'Охрім','Чабан',2,'1980-01-22','набережна Ярослава Осмомисла, 990, селище Нестор, 63848','683 15 94','Ч'),(721,'Мирон','Павличенко',1,'1952-07-24','набережна Маркіяна Шашкевича, 441, село Лесь, 79787','+38 073 108-34-75','Ч'),(722,'Георгій','Ковалюк',2,'1945-02-20','набережна Остапа Вишні, 530, місто Галина, 83578','+38 034 395-04-14','Ч'),(723,'Аарон','Демиденко',1,'1987-08-12','набережна Січових Стрільців, 30, селище Богуслава, 02730','+38 097 173 28 56','Ч'),(724,'Маруся','Захаренко',2,'1940-12-28','набережна Бориса Грінченка, 1, місто Пантелеймон, 63300','+38 091 601 75 63','Ж'),(725,'Ярина','Гайденко',3,'1955-12-15','набережна Горішня Брама, 11, місто Ольга, 89408','059 210-60-87','Ж'),(726,'Назар','Воблий',3,'1958-08-30','набережна Музична, 91, хутір Лукʼян, 27363','399 43 24','Ч'),(727,'Сніжана','Ватаманюк',2,'1990-11-16','вулиця Йосипа Левицького, 462, село Едуард, 17934','023 802 36 44','Ж'),(728,'Ярина','Карпенко',1,'1956-11-27','вулиця Маріїнська, 896, село Валентин, 12206','915 92 15','Ж'),(729,'Вікторія','Калениченко',2,'1972-07-08','набережна Павла Грабовського, 377, селище Михайло, 48945','+38 008 819-32-57','Ж'),(730,'Варвара','Бакуменко',0,'1939-04-03','набережна Івана Мазепи, 3, хутір Феофан, 81173','711 83 11','Ж'),(731,'Соломія','Заруба',3,'1964-04-30','набережна Млинарська, 74, місто Панас, 94950','683-62-32','Ж'),(732,'Клавдія','Пелех',1,'1931-03-10','вулиця Михайла Вербицького, 394, селище Соломон, 05301','+38 016 235 06 98','Ж'),(733,'Тереза','Гоголь-Яновський',2,'1986-05-31','набережна Олега Ольжича, 8, село Кирило, 66132','+38 063 843-67-72','Ж'),(734,'Назар','Даньків',1,'1960-03-09','набережна Південна, 92, місто Климент, 61487','+38 081 404 86 90','Ч'),(735,'Ярослава','Кармалюк',3,'1999-12-17','вулиця Львівська, 973, хутір Соломія, 49173','+38 009 720-57-16','Ж'),(736,'Ліза','Бабариченко',1,'1947-07-19','набережна Устияновичів, 542, селище Станіслав, 54494','+38 (038) 601-51-13','Ж'),(737,'Соломон','Засуха',0,'1944-10-22','вулиця Івана Сірка, 7, хутір Варфоломій, 34364','030 470 44 63','Ч'),(738,'Ганна','Гаврилишин',3,'1987-02-23','набережна Бруно Шульца, 345, село Леон, 73611','963-83-04','Ж'),(739,'Христина','Вертипорох',0,'1967-11-16','вулиця Богдана Лепкого, 6, місто Степан, 106759','+38 027 877-84-52','Ж'),(740,'Лариса','Павличенко',3,'1991-06-18','вулиця Дмитра Котка, 91, хутір Станіслав, 64933','+38 097 162-56-74','Ж'),(741,'Соломія','Ватаманюк',2,'2002-04-21','вулиця Героїв Крут, 451, селище Галина, 16098','070 596 34 76','Ж'),(742,'Омелян','Панчук',0,'1948-06-22','набережна Стрийська, 8, селище Роман, 22611','+38 044 420-30-05','Ч'),(743,'Аркадій','Зайченко',1,'1990-01-28','вулиця Південна, 20, село Лесь, 58829','+38 099 179-60-27','Ч'),(744,'Вікторія','Бабенко',1,'1954-08-19','набережна Максима Рильського, 069, хутір Святослав, 16462','+38 086 016-06-97','Ж'),(745,'Єва','Фесенко',0,'1990-06-17','набережна Максима Залізняка, 00, селище Анастасія, 04494','066 750 73 29','Ж'),(746,'Гаврило','Демʼянчук',0,'1979-10-19','набережна Михайла Зубрицького, 36, хутір Юстим, 83219','+38 055 246-27-78','Ч'),(747,'Лариса','Гречаник',0,'2002-03-18','вулиця Тисменицька, 0, місто Іван, 99744','479-80-35','Ж'),(748,'Лариса','Цюцюра',2,'1977-07-28','набережна Тита Реваковича, 4, селище Єва, 48662','+38 (048) 621-61-83','Ж'),(749,'Дарина','Авраменко',2,'1948-10-10','вулиця Йосипа Сліпого, 3, місто Левко, 48565','241 22 72','Ж'),(750,'Олена','Супруненко',2,'1949-02-01','набережна Олександра Кониського, 763, селище Азар, 27505','+38 095 189-04-30','Ж'),(751,'Ігнат','Перебийніс',1,'1954-07-24','вулиця Академіка Сахарова, 2, місто Сергій, 99131','001 344-89-68','Ч'),(752,'Златослава','Вітрук',2,'1944-01-29','вулиця Зелена, 582, хутір Демʼян, 63936','874-53-93','Ж'),(753,'Вадим','Франчук',0,'1933-07-03','вулиця Княгині Ольги, 8, селище Оксана, 18632','040 062-85-97','Ч'),(754,'Варвара','Павленко',2,'1956-10-26','набережна Вокзальна, 205, селище Ігнат, 47288','+38 (013) 060-43-12','Ж'),(755,'Альберт','Луценко',0,'1949-08-28','набережна Київська, 163, місто Гліб, 73996','077-56-46','Ч'),(756,'Амалія','Яремчук',0,'1961-08-07','набережна Йосипа Сліпого, 993, хутір Ганна, 78074','+38 052 838-45-63','Ж'),(757,'Леон','Дубенко',1,'1988-12-20','набережна Трускавецька, 08, хутір Вадим, 31288','+38 (095) 890-28-51','Ч'),(758,'Арсен','Андрощук',3,'1948-11-26','набережна Фабрична, 755, місто Юстина, 02615','+38 065 701-32-34','Ч'),(759,'Емілія','Ткаченко',1,'2002-04-02','набережна Олександра Кониського, 804, селище Трохим, 87047','+38 051 956 02 62','Ж'),(760,'Юстина','Тихий',2,'2000-12-10','набережна Кирило - Мефодіївська, 316, місто Федір, 05834','461-14-39','Ж'),(761,'Клавдія','Якимчук',1,'1978-01-16','набережна Млинарська, 777, селище Опанас, 109997','005 176 11 98','Ж'),(762,'Валентин','Мамчур',2,'1958-10-06','набережна Панаса Мирного, 5, хутір Венедикт, 31581','+38 038 295-51-36','Ч'),(763,'Андрій','Бабак',3,'1931-02-07','вулиця Володимира Гнатюка, 2, місто Ірена, 28397','+38 (087) 124-72-49','Ч'),(764,'Тетяна','Гоголь-Яновський',3,'1979-08-06','набережна Тисменицька, 30, хутір Левко, 79354','012 415 96 26','Ж'),(765,'Соломія','Баштан',0,'1940-07-30','вулиця Леся Мартовича, 39, хутір Пилип, 64235','+38 026 042-02-78','Ж'),(766,'Макар','Запорожець',0,'1999-12-30','вулиця Коминярська, 5, село Богуслав, 107054','006 940 71 84','Ч'),(767,'Юстим','Орлик',0,'1982-10-24','вулиця Архипа Люльки, 946, місто Віктор, 87395','120-93-07','Ч'),(768,'Теодор','Канівець',3,'2001-07-12','набережна Устияновичів, 64, місто Марко, 17171','057 971-94-69','Ч'),(769,'Олена','Романенко',1,'1939-07-26','набережна Архипа Люльки, 105, хутір Лариса, 69145','085 672 53 93','Ж'),(770,'Лілія','Микитюк',2,'1942-04-11','набережна Братів Кицилів, 5, селище Юстим, 59385','028 896-76-46','Ж'),(771,'Тарас','Шинкаренко',3,'1939-01-01','набережна Данила Галицького, 4, селище Олесь, 07454','+38 054 983 17 59','Ч'),(772,'Пантелеймон','Гупало',1,'1946-01-17','набережна Устияновичів, 99, місто Олена, 73707','028 489 74 99','Ч'),(773,'Микита','Матяш',0,'1949-10-10','вулиця Адама Міцкевича, 5, село Аніта, 105805','012 530-58-23','Ч'),(774,'Данна','Атрощенко',2,'1951-07-02','набережна Модеста Менцинського, 266, селище Вʼячеслав, 104782','808-04-34','Ж'),(775,'Варвара','Скирда',2,'2002-05-05','набережна Михайла Старицького, 84, село Одарка, 69471','083 722-85-26','Ж'),(776,'Зиновій','Лукаш',0,'1979-02-19','набережна Михайла Грушевського, 2, місто Орися, 106951','+38 083 428-16-63','Ч'),(777,'Андрій','Алексійчук',0,'1954-02-05','вулиця Архипа Люльки, 0, місто Роман, 08709','+38 063 573-36-96','Ч'),(778,'Святослава','Бараник',0,'1968-12-08','вулиця Ріпницька, 137, село Аарон, 09873','+38 (039) 824-25-08','Ж'),(779,'Маруся','Валенко',1,'1945-01-07','вулиця Шкільна, 9, місто Пантелеймон, 58211','282 33 34','Ж'),(780,'Едита','Ковалюк',0,'1956-04-05','вулиця Індустріальна, 8, місто Франц, 01293','065 002-76-03','Ж'),(781,'Євген','Онищенко',1,'1966-08-27','набережна Спартака, 893, місто Симон, 29234','+38 054 458-38-68','Ч'),(782,'Галина','Шеремета',2,'1969-01-16','набережна Лішнянська, 3, хутір Франц, 02359','+38 (012) 482-55-74','Ж'),(783,'Роман','Жайворон',2,'1985-03-27','набережна Глінки, 0, селище Борислав, 23584','978 22 57','Ч'),(784,'Юстим','Юхименко',0,'1932-05-18','набережна Опришківська, 70, місто Марʼяна, 82123','015 099 21 61','Ч'),(785,'Валерій','Затовканюк',1,'1969-10-02','вулиця Нова, 2, село Одарка, 23771','+38 046 087-12-89','Ч'),(786,'Ірена','Кащенко',1,'1932-07-05','вулиця Івана Мазепи, 774, селище Маруся, 37343','036 856 26 20','Ж'),(787,'Орина','Матвієнко',3,'1956-05-31','набережна Буковинська, 325, хутір Віра, 106558','+38 033 109-25-28','Ж'),(788,'Роман','Устенко',2,'1950-11-11','набережна Олеся Гончара, 90, місто Герман , 05998','815 90 04','Ч'),(789,'Ростислав','Вакуленко',1,'1970-10-01','набережна Володимира Чапельського, 6, село Вікторія, 29390','023 026-32-10','Ч'),(790,'Дарина','Яремчук',1,'1986-11-29','вулиця Дмитра Грицая, 4, село Артем, 91809','016 555 29 15','Ж'),(791,'Гаврило','Приймак',3,'1938-12-12','набережна Героїв Крут, 9, хутір Тимофій, 18354','+38 038 119-17-56','Ч'),(792,'Станіслав','Романенко',3,'1971-12-12','вулиця Павла Грабовського, 17, місто Едита, 26929','+38 (060) 199-92-75','Ч'),(793,'Орися','Аверченко',1,'1998-08-26','набережна Дмитра Бурка, 92, село Вікторія, 53649','+38 025 860 16 13','Ж'),(794,'Панас','Василашко',1,'1945-10-28','вулиця Євгена Коновальця, 467, місто Богодар, 36283','068 652 42 81','Ч'),(795,'Еріка','Франко',3,'1959-11-19','вулиця Опришківська, 43, селище Єфрем, 41465','+38 042 991-25-89','Ж'),(796,'Нестор','Шаповал',0,'1998-02-14','набережна Трускавецька, 65, селище Опанас, 27735','069 697 41 00','Ч'),(797,'Євген','Шелест',1,'1959-03-24','вулиця Олекси Довбуша, 2, село Людмила, 96527','+38 044 397-36-98','Ч'),(798,'Олекса','Цимбалюк',0,'1983-01-19','набережна Трускавецька, 797, селище Данило, 72827','001 501-63-69','Ч'),(799,'Варфоломій','Архипенко',3,'1999-11-29','вулиця Остапа Нижанківського, 93, місто Варфоломій, 44601','+38 036 648-61-33','Ч'),(800,'Остап','Радченко',1,'1942-03-11','вулиця Княгині Ольги, 6, село Аніта, 87525','+38 069 061 55 24','Ч'),(801,'Михайло','Василечко',0,'1931-04-22','вулиця Євгена Гребінки, 272, селище Владислав, 67886','099 737-99-36','Ч'),(802,'Емілія','Бебешко',1,'1943-07-31','набережна Зварицька, 36, селище Ілля, 87299','433-32-70','Ж'),(803,'Марта','Алексюк',2,'1935-10-27','набережна Механізаторів, 269, селище Роман, 43972','+38 003 858-34-98','Ж'),(804,'Віолетта','Ісаєнко',3,'1987-11-29','набережна Андрея Шептицького, 30, село Аврелій, 109908','290 82 94','Ж'),(805,'Святослав','Сацюк',3,'1945-09-10','набережна Івана Карпенка-Карого, 486, хутір Захар, 84713','055 579 68 54','Ч'),(806,'Пріска','Цюпа',0,'1956-02-01','набережна Лішнянська, 2, хутір Валерій, 51079','077 401-40-92','Ж'),(807,'Ростислав','Воблий',2,'1973-12-31','набережна Северина Наливайка, 9, село Назар, 04603','000 143-35-92','Ч'),(808,'Богданна','Ващук',3,'1931-07-23','вулиця Княгині Ольги, 97, селище Зорян, 97812','+38 074 394-83-40','Ж'),(809,'Франц','Дзиндра',1,'2000-11-25','набережна Якова Головацького, 085, місто Лариса, 69399','021 252 85 69','Ч'),(810,'Кирило','Базилевський',0,'1947-12-07','вулиця Уляни Кравченко, 621, місто Данило, 01935','+38 (018) 285-97-59','Ч'),(811,'Олекса','Сагаль',2,'1938-05-30','вулиця Паркова, 841, хутір Амалія, 33709','+38 012 666 95 93','Ч'),(812,'Єлисавета','Супруненко',2,'1941-12-09','вулиця Будівельна, 783, село Тарас, 03525','+38 062 109 20 83','Ж'),(813,'Дан','Захаренко',0,'1946-06-22','вулиця Миколи Некрасова, 179, селище Леонід, 15641','008 854 24 10','Ч'),(814,'Григорій','Бараник',3,'1977-11-15','вулиця Прорізна, 5, місто Гаврило, 18564','089 70 63','Ч'),(815,'Миколай','Ващенко',0,'2002-08-03','набережна Юрія Федьковича, 773, хутір Юстим, 48800','+38 (092) 777-51-53','Ч'),(816,'Валентин','Кабалюк',0,'1930-11-15','набережна Йосипа Сліпого, 1, хутір Пріска, 84153','+38 039 138-44-10','Ч'),(817,'Ірена','Рябошапка',2,'1960-11-16','вулиця Григорія Сковороди, 10, селище Михайлина, 33637','057 127-62-30','Ж'),(818,'Єлисавета','Тесленко',2,'1981-10-30','вулиця Спортивна, 51, село Юстина, 44702','495 75 95','Ж'),(819,'Пармен','Овчаренко',0,'1938-11-25','вулиця Музична, 6, село Володимир, 54351','926 65 33','Ч'),(820,'Віталій','Чміль',1,'1998-07-28','набережна Івана Труша, 9, хутір Арсен, 59145','098 857-24-62','Ч'),(821,'Панас','Ребрик',3,'1945-07-14','вулиця Івана Мазепи, 642, місто Герман , 78088','105-22-04','Ч'),(822,'Орина','Гоголь-Яновський',2,'1962-08-17','вулиця Миколи Гоголя, 97, місто Олесь, 03283','067 784-68-61','Ж'),(823,'Єва','Цимбал',0,'1943-06-19','набережна Остапа Вишні, 563, село Аніта, 24306','+38 (082) 678-97-46','Ж'),(824,'Едита','Вернигора',3,'1976-05-13','набережна Остапа Вишні, 7, місто Ростислав, 45812','002 022 99 89','Ж'),(825,'Яків','Гресь',3,'1974-12-16','набережна Олега Ольжича, 736, місто Устим, 93302','000 904 17 70','Ч'),(826,'Лілія','Юрченко',0,'1991-06-03','набережна Маріїнська, 590, селище Лілія, 105527','032 776 46 87','Ж'),(827,'Оксана','Ващенко',0,'1935-07-18','вулиця Трускавецька, 499, місто Олена, 81816','+38 (027) 854-46-09','Ж'),(828,'Данна','Мірошниченко',3,'1960-03-09','набережна Тиха, 43, місто Азар, 84959','034 738 79 79','Ж'),(829,'Віктор','Микитюк',1,'1948-10-21','вулиця Людвіга ван Бетховена, 600, село Амвросій, 09672','+38 (044) 038-79-84','Ч'),(830,'Олег','Ковпак',3,'1942-05-04','набережна Солоний Ставок, 277, селище Йосип, 55157','223 08 15','Ч'),(831,'Галина','Єрошенко',0,'1941-12-24','набережна Горішня Брама, 190, селище Альберт, 73919','+38 056 683 11 84','Ж'),(832,'Стефан','Андрійчук',3,'2001-05-17','набережна Архипа Люльки, 42, селище Франц, 102398','274 05 85','Ч'),(833,'Мілена','Дараган',1,'1961-03-09','набережна Фабрична, 031, селище Дарина, 31789','483-07-23','Ж'),(834,'Юстина','Безбородько',2,'2000-10-05','вулиця Миколи Некрасова, 242, місто Геннадій, 59910','+38 082 695-82-68','Ж'),(835,'Златослава','Теліженко',2,'1999-04-30','набережна Січових Стрільців, 93, місто Левко, 86189','306-50-49','Ж'),(836,'Антон','Лукаш',3,'1949-01-24','набережна Ріпницька, 0, селище Роксолана, 16978','+38 086 420 70 18','Ч'),(837,'Тетяна','Твердохліб',2,'1932-06-28','набережна Максима Рильського, 847, село Аніта, 89511','103 52 61','Ж'),(838,'Спас','Чміль',2,'1999-08-21','вулиця Остапа Вишні, 962, хутір Віра, 78572','038 813 82 87','Ч'),(839,'Альберт','Запорожець',2,'1977-09-18','вулиця Олексндра Довженка, 7, селище Нестор, 08350','087 256-82-45','Ч'),(840,'Мілена','Левченко',1,'1968-06-11','набережна Івана Мазепи, 564, хутір Степан, 43015','+38 014 319-39-74','Ж'),(841,'Віолетта','Бакуменко',1,'1971-08-03','вулиця Глінки, 175, село Ростислав, 12993','+38 (086) 606-04-52','Ж'),(842,'Лілія','Дерегус',1,'1993-01-04','вулиця Фабрична, 3, селище Руслан, 26065','+38 001 036-84-97','Ж'),(843,'Орися','Вергун',1,'1932-04-27','набережна Івана Вендзиловича, 41, місто Орхип, 62300','065 318-17-43','Ж'),(844,'Пріска','Вернигора',2,'1960-11-16','набережна Уляни Кравченко, 13, хутір Одарка, 96643','073 237-69-48','Ж'),(845,'Орина','Петрик',1,'1981-01-23','вулиця Уляни Кравченко, 51, село Станіслав, 04572','+38 053 438 91 56','Ж'),(846,'Пантелеймон','Гаврилець',3,'1964-08-25','вулиця Рівна, 9, хутір Ольга, 46144','+38 (033) 883-69-99','Ч'),(847,'Степан','Засенко',0,'1946-11-26','набережна Тисменицька, 20, місто Вʼячеслав, 16767','061 424-00-23','Ч'),(848,'Феофан','Верхола',0,'1961-12-10','набережна Озерна, 54, село Анжела, 48919','054 644-60-30','Ч'),(849,'Демид','Шморгун',3,'1950-11-20','набережна Івана Труша, 20, місто Оксенія, 81392','090 166-99-08','Ч'),(850,'Данна','Ковпак',0,'1940-07-17','набережна Солоний Ставок, 1, хутір Азар, 82186','025 090 39 50','Ж'),(851,'Амалія','Чуприна',2,'1991-12-25','набережна Коминярська, 737, селище Сніжана, 101238','006 092 83 10','Ж'),(852,'Ірена','Удовенко',1,'1986-10-10','вулиця Михайла Павлика, 441, місто Гліб, 102190','058 873-36-38','Ж'),(853,'Амалія','Пелех',0,'2001-10-14','набережна Івана Котляревського, 2, хутір Оксана, 17360','+38 082 200-30-81','Ж'),(854,'Камілла','Бакуменко',3,'1937-05-17','набережна Ярослава Осмомисла, 553, село Давид, 75018','059 908-34-89','Ж'),(855,'Леонтій','Скопенко',0,'1989-07-17','вулиця Нова, 14, село Олександр, 103059','867-37-30','Ч'),(856,'Макар','Яремко',0,'2001-02-24','набережна Івана Вендзиловича, 64, хутір Аніта, 69353','+38 034 502 87 00','Ч'),(857,'Симон','Андрійович',2,'2001-12-08','вулиця Дністровська, 82, місто Гліб, 43091','+38 094 656-61-00','Ч'),(858,'Богуслава','Жайворон',0,'1984-12-03','вулиця Михайла Вербицького, 160, селище Гліб, 61863','+38 040 609 74 92','Ж'),(859,'Амвросій','Вакарчук',2,'1962-03-27','набережна Лемківська, 3, хутір Гордій, 22976','+38 (025) 491-62-05','Ч'),(860,'Артем','Батюк',1,'2003-02-16','набережна Крушельницької, 958, місто Розалія, 42648','+38 064 326 17 53','Ч'),(861,'Богодар','Валенко',3,'1983-03-30','набережна Олени Теліги, 013, село Христина, 86829','007 027-01-34','Ч'),(862,'Клавдія','Ребрик',2,'1997-01-08','набережна Трускавецька, 614, місто Златослава, 15945','+38 008 889-03-43','Ж'),(863,'Альбіна','Вдовиченко',3,'1941-06-04','вулиця Василя Барського, 1, селище Михайло, 75180','+38 074 542-51-80','Ж'),(864,'Лариса','Заруба',3,'1974-04-21','набережна Дмитра Бурка, 14, селище Кирило, 39670','492-80-00','Ж'),(865,'Орина','Ґереґа',3,'1959-03-29','вулиця Григорія Коссака, 795, село Вадим, 01182','+38 (042) 968-97-13','Ж'),(866,'Ігнат','Лемешко',0,'1977-11-03','вулиця Панаса Мирного, 63, місто Вʼячеслав, 58761','142-54-08','Ч'),(867,'Ада','Туркало',2,'1944-05-24','вулиця Модеста Менцинського, 7, хутір Степан, 74757','434-11-70','Ж'),(868,'Максим','Нестеренко',0,'1931-01-23','вулиця Володимира Чапельського, 2, хутір Юхим, 48756','+38 008 382 25 72','Ч'),(869,'Іван','Пелех',2,'1942-08-23','набережна Фабрична, 5, хутір Вадим, 75204','+38 088 838 79 11','Ч'),(870,'Максим','Лаба',2,'1965-06-03','вулиця Олександра Пушкіна, 3, селище Леонтій, 14376','+38 003 556-74-74','Ч'),(871,'Ростислав','Іщак',0,'1992-05-01','набережна Михайла Грушевського, 20, хутір Геннадій, 26534','035 932 25 71','Ч'),(872,'Святослава','Тичина',0,'1932-07-18','вулиця Богдана Лепкого, 4, селище Єлисей, 24168','014 122 36 93','Ж'),(873,'Яків','Салій',2,'1933-09-01','набережна Вокзальна, 1, селище Олег, 101793','092 08 23','Ч'),(874,'Микита','Михайлюк',0,'1970-06-21','вулиця Південна, 91, село Ярина, 09081','823-18-58','Ч'),(875,'Амвросій','Яременко',1,'1978-10-12','вулиця Шкільна, 00, село Розалія, 11394','+38 070 576 85 62','Ч'),(876,'Августин','Ващенко-Захарченко',3,'1963-04-22','вулиця Остапа Нижанківського, 304, місто Валерій, 82432','+38 (042) 161-37-86','Ч'),(877,'Оксана','Саченко',2,'1931-07-21','набережна Млинарська, 76, місто Адам, 07898','+38 (042) 684-81-47','Ж'),(878,'Наталія','Дашкевич',0,'1958-04-05','набережна Іллі Рєпіна, 45, хутір Дмитро, 18288','+38 031 599 91 56','Ж'),(879,'Єлисавета','Ємець',1,'1960-09-25','набережна Нова, 3, селище Одарка, 84559','+38 022 709-90-10','Ж'),(880,'Маруся','Гавриш',3,'1948-03-09','набережна Андрія Мельника, 7, місто Володимира, 28549','003 042 72 68','Ж'),(881,'Анжела','Скорик',0,'1963-12-01','вулиця Ріпницька, 53, село Мілена, 12252','+38 048 318-66-82','Ж'),(882,'Єлисавета','Ірванець',3,'1976-07-02','набережна Адама Міцкевича, 194, хутір Григорій, 18195','056 858-70-87','Ж'),(883,'Нестор','Сомко',1,'1970-08-10','набережна Механізаторів, 9, місто Дарина, 16305','009 496 43 22','Ч'),(884,'Гліб','Наливайко',2,'1936-12-26','набережна Лева Толстого, 75, селище Владислав, 91522','+38 053 290-05-09','Ч'),(885,'Софія','Охримович',2,'1984-12-02','набережна Андрія Чайковського, 9, село Михайло, 53978','379-24-24','Ж'),(886,'Алевтин','Канівець',1,'1964-10-18','набережна Шота Руставелі, 45, місто Степан, 43948','015 755 05 41','Ч'),(887,'Алевтин','Вовк',0,'1958-10-01','набережна Євгена Гребінки, 150, хутір Юстим, 87899','045 185 35 69','Ч'),(888,'Юстим','Цимбал',1,'1938-08-11','набережна Малий Ринок, 15, село Олександр, 58314','035 058 97 68','Ч'),(889,'Святослава','Ященко',3,'1966-08-26','вулиця Ірини Вільде, 16, хутір Прохір, 04302','029 283-62-86','Ж'),(890,'Володимира','Даниленко',1,'1939-09-10','набережна Павла Полуботка, 82, село Онисим, 86134','+38 004 796 80 71','Ж'),(891,'Ярина','Валенко',1,'1985-07-30','набережна Петра Дорошенка, 630, селище Аліна, 105207','+38 067 458 16 86','Ж'),(892,'Галина','Ващенко',2,'2002-12-27','вулиця Тиха, 1, село Григорій, 101959','904 64 11','Ж'),(893,'Спас','Абрагамовський',3,'2000-11-10','вулиця Михайла Павлика, 33, хутір Костянтин, 01218','085 056-18-69','Ч'),(894,'Ольга','Швачка',3,'1947-01-19','вулиця Ріпницька, 0, хутір Альбіна, 48963','+38 051 672-60-52','Ж'),(895,'Микита','Верховинець',2,'1939-05-17','набережна Гончарська, 52, місто Гаврило, 102149','+38 014 471-49-79','Ч'),(896,'Олена','Гузь',0,'1996-01-07','набережна Байди, 3, селище Федір, 72410','410 70 13','Ж'),(897,'Марина','Чайка',2,'2005-05-22','вулиця Євгена Коновальця, 3, селище Євген, 56267','097 048-50-90','Ж'),(898,'Ілля','Ґерус',1,'1971-06-13','набережна Озерна, 85, село Мартин, 87236','+38 047 633 42 74','Ч'),(899,'Зорян','Ажажа',0,'1951-08-30','вулиця Крушельницької, 6, селище Олександр, 01082','+38 006 550-62-34','Ч'),(900,'Назар','Доценко',3,'1959-12-22','вулиця Северина Наливайка, 12, хутір Августин, 107581','+38 034 601 46 93','Ч'),(901,'Василина','Цюпа',1,'1945-03-11','вулиця Гайдамацька, 35, хутір Одарка, 55083','+38 083 975 25 03','Ж'),(902,'Микита','Зінкевич',3,'1935-05-04','набережна Івана Франка, 859, село Лариса, 51967','+38 075 409-85-16','Ч'),(903,'Йосип','Сімашкевич',0,'1952-12-23','набережна Івана Вендзиловича, 85, хутір Лілія, 17540','466 78 82','Ч'),(904,'Богданна','Зінкевич',2,'1954-09-08','вулиця Стрийська, 08, село Георгій, 86466','064 379-89-29','Ж'),(905,'Олесь','Гаврилюк',1,'1967-08-25','вулиця Олексндра Довженка, 589, місто Григорій, 102059','+38 037 768-05-41','Ч'),(906,'Орхип','Ємельяненко',1,'1984-06-16','вулиця Маріїнська, 3, місто Артем, 23292','+38 041 020-62-11','Ч'),(907,'Дарина','Парасюк',3,'1985-12-28','набережна Володимира Івасюка, 9, селище Іван, 43543','+38 066 363 48 74','Ж'),(908,'Тарас','Черінько',0,'1948-01-10','набережна Музична, 213, місто Давид, 12515','235 58 02','Ч'),(909,'Азар','Негода',1,'1938-03-16','вулиця Івана Вендзиловича, 6, місто Роман, 92709','083 485-80-76','Ч'),(910,'Феофан','Салій',2,'1939-07-16','набережна Дмитра Бортнянського, 108, село Степан, 48657','200-07-64','Ч'),(911,'Надія','Гуцуляк',2,'1983-11-15','набережна Братів Кицилів, 5, селище Охрім, 89772','070 026-41-64','Ж'),(912,'Веніямин','Чекалюк',2,'1950-07-05','набережна Будівельна, 12, селище Данило, 56565','099 696-87-80','Ч'),(913,'Оксана','Худобʼяк',2,'1995-02-20','вулиця Ковальська, 287, хутір Камілла, 54270','038 427 19 66','Ж'),(914,'Микита','Терещенко',0,'1993-09-28','набережна Бориславська, 307, місто Августин, 31668','450-40-51','Ч'),(915,'Едита','Товстоліс',2,'1948-11-11','вулиця Олеся Гончара, 3, селище Володимира, 05598','+38 098 705 68 75','Ж'),(916,'Орхип','Чабан',3,'1975-01-14','набережна Вербова, 4, хутір Марія, 58627','+38 057 626 40 28','Ч'),(917,'Софія','Зінкевич',3,'1970-05-05','вулиця Стрийська, 775, селище Панас, 66547','+38 005 642-12-05','Ж'),(918,'Прохір','Червоненко',1,'1977-03-26','вулиця Байди, 65, село Тимофій, 107110','+38 066 914 42 13','Ч'),(919,'Віолетта','Журба',3,'1999-11-17','набережна Йосипа Сліпого, 11, село Леонід, 91323','004 183-23-92','Ж'),(920,'Прохір','Кармалюк',3,'1978-04-18','вулиця Якова Головацького, 4, селище Лукʼян, 38232','457 06 42','Ч'),(921,'Трохим','Ткаченко',2,'1952-09-16','набережна Індустріальна, 6, селище Василина, 46117','047 326 03 40','Ч'),(922,'Альбіна','Авраменко',2,'1974-07-22','набережна Івана Котляревського, 432, хутір Нестор, 58016','+38 083 023-99-23','Ж'),(923,'Ярослав','Шамрай',1,'1993-05-02','набережна Йосифа Стадника, 42, місто Микита, 95548','099 304-30-44','Ч'),(924,'Михайлина','Алексеєнко',1,'2002-01-19','набережна Братів Кицилів, 706, місто Давид, 41765','+38 (059) 430-97-29','Ж'),(925,'Омелян','Барабаш',3,'1953-08-09','набережна Малий Ринок, 19, хутір Едита, 48696','+38 050 213-78-31','Ч'),(926,'Любов','Дацюк',3,'1969-05-27','вулиця Степана Рудавського, 49, місто Емілія, 76534','007 84 93','Ж'),(927,'Богданна','Ващенко-Захарченко',2,'1947-09-21','набережна Бойківська, 88, хутір Марина, 15015','095 663-35-43','Ж'),(928,'Любов','Асаула',1,'1991-08-20','вулиця Лева Толстого, 0, місто Олекса, 103368','308 24 15','Ж'),(929,'Леон','Гаврилів',1,'1946-10-24','вулиця Леся Курбаса, 5, місто Ольга, 05937','+38 027 782 99 24','Ч'),(930,'Світлана','Демʼяненко',0,'1978-06-26','набережна Ірини Вільде, 4, хутір Валерій, 49445','021-57-49','Ж'),(931,'Данна','Харченко',1,'1952-02-13','вулиця Степана Коваліва, 8, місто Варвара, 44008','128-70-07','Ж'),(932,'Володимира','Батюк',0,'1964-05-12','набережна Прорізна, 2, місто Альберт, 107278','089 973 70 61','Ж'),(933,'Семен','Удовенко',1,'1950-06-30','набережна Леся Мартовича, 1, хутір Федір, 62901','092 647-56-98','Ч'),(934,'Богуслава','Перепелиця',3,'1946-06-14','вулиця Володимира Бірчака, 4, місто Соломон, 24033','+38 026 627 06 60','Ж'),(935,'Амвросій','Шахрай',3,'2002-10-27','набережна Ковальська, 535, селище Едуард, 16348','873 74 54','Ч'),(936,'Альбіна','Рева',3,'1944-09-30','набережна Івана Макуха, 05, хутір Богуслав, 83094','462 51 41','Ж'),(937,'Віолетта','Лазаренко',1,'1954-03-03','вулиця Івана Мазепи, 068, хутір Наталія, 26207','059 253-92-85','Ж'),(938,'Костянтин','Ященко',1,'2003-09-26','набережна Купальська, 8, селище Аврелій, 66265','001 699-10-55','Ч'),(939,'Ярослав','Лазаренко',1,'2003-01-13','набережна Олександра Кониського, 620, селище Леон, 78159','+38 099 677-59-33','Ч'),(940,'Пантелеймон','Чалий',0,'1993-11-01','набережна Ріпницька, 1, місто Захар, 19349','+38 039 608-51-16','Ч'),(941,'Тимофій','Теліженко',1,'1958-03-30','набережна Шкільна, 57, селище Євген, 44376','+38 071 418-35-96','Ч'),(942,'Панас','Безбородько',0,'1998-05-17','вулиця Музична, 45, селище Алевтин, 53260','375-80-10','Ч'),(943,'Семен','Ільєнко',0,'1978-10-24','набережна Солоний Ставок, 2, місто Лариса, 01737','+38 (046) 248-27-78','Ч'),(944,'Аліна','Бабʼяк',3,'1948-04-17','набережна Леся Мартовича, 0, місто Руслан, 65460','+38 (049) 091-88-70','Ж'),(945,'Нестор','Полтавець',2,'1973-01-01','вулиця Модеста Менцинського, 0, місто Надія, 109887','+38 071 505 17 29','Ч'),(946,'Ліза','Бевзенко',3,'1931-05-16','вулиця Лесі Українки, 26, село Богуслава, 57986','+38 054 499-33-92','Ж'),(947,'Левко','Безбородьки',3,'1984-08-14','вулиця Грюнвальдська, 2, місто Герман , 21525','+38 009 317-79-04','Ч'),(948,'Климент','Яценюк',0,'1999-06-16','набережна Максима Рильського, 276, хутір Аркадій, 102200','509 16 86','Ч'),(949,'Златослава','Деркач',1,'1938-07-28','набережна Горішня Брама, 9, селище Вікторія, 87088','+38 099 574-24-23','Ж'),(950,'Климент','Скоробогатько',3,'1975-07-31','набережна Дністровська, 44, село Едита, 09582','+38 044 311 83 63','Ч'),(951,'Іван','Свириденко',3,'1950-05-28','вулиця Володимира Вернадського, 939, село Софія, 37396','542 65 36','Ч'),(952,'Камілла','Височан',0,'1931-08-26','набережна Павла Грабовського, 012, село Амалія, 71050','+38 015 963 34 74','Ж'),(953,'Златослава','Малишко',2,'1978-03-23','набережна Грюнвальдська, 2, селище Адам, 75174','+38 031 190-83-29','Ж'),(954,'Святослава','Корсун',3,'1976-11-22','набережна Григорія Сковороди, 575, місто Вадим, 21032','+38 074 820-44-42','Ж'),(955,'Ярослава','Саченко',0,'1951-11-16','вулиця Рихтицька, 86, селище Вікторія, 58748','+38 073 565-94-84','Ж'),(956,'Олександр','Давимука',0,'1968-08-14','набережна Миколи Некрасова, 14, хутір Марʼяна, 53001','+38 (019) 270-09-40','Ч'),(957,'Віра','Євтушенко',1,'1949-09-21','вулиця Мирослава Тураша, 518, хутір Камілла, 14713','+38 040 570 96 42','Ж'),(958,'Марина','Бабиченко',1,'1974-11-02','набережна Твердохліба, 109, місто Антон, 86465','090 448-70-08','Ж'),(959,'Роксолана','Базавлученко',2,'1940-10-14','набережна Юліуша Словацького, 07, місто Богданна, 98294','+38 065 120-99-86','Ж'),(960,'Анастасія','Артим',2,'1981-01-28','вулиця Ріпницька, 8, місто Устим, 11463','082 718 24 58','Ж'),(961,'Мирон','Жадан',0,'1934-09-29','вулиця Йосипа Сліпого, 354, селище Розалія, 65186','038 563-90-48','Ч'),(962,'Орина','Калениченко',3,'1980-03-04','вулиця Дмитра Бурка, 713, місто Еріка, 56776','094 961 68 37','Ж'),(963,'Златослава','Бабʼяк',2,'2002-08-26','вулиця Павла Полуботка, 671, хутір Альберт, 74390','040 259 49 22','Ж'),(964,'Дан','Овсієнко',3,'1997-03-09','вулиця Остапа Вишні, 708, хутір Юхим, 04549','095 072-44-63','Ч'),(965,'Богуслав','Єрмоленко',2,'1942-01-24','набережна Івана Сірка, 8, місто Владислав, 71221','068 826-21-54','Ч'),(966,'Дмитро','Іванченко',3,'1987-08-12','вулиця Володимира Чапельського, 1, хутір Гордій, 94219','+38 (080) 033-69-44','Ч'),(967,'Алла','Пушкар',2,'1958-06-06','набережна Дмитра Котка, 02, хутір Орися, 77678','+38 074 496 52 02','Ж'),(968,'Богуслав','Супруненко',1,'1933-08-14','набережна Дмитра Вітовського, 8, село Гліб, 69391','+38 087 735 65 19','Ч'),(969,'Богданна','Ткаченко',3,'1962-06-22','вулиця Ковальська, 119, місто Остап, 68411','060-00-88','Ж'),(970,'Богданна','Джус',3,'1993-04-20','набережна Ковальська, 349, село Орест, 93893','763 43 67','Ж'),(971,'Августин','Чарниш',3,'1972-04-23','вулиця Володимира Чапельського, 2, місто Златослава, 45900','+38 (099) 762-17-63','Ч'),(972,'Марія','Артюшенко',0,'1953-08-25','вулиця Малий Ринок, 112, хутір Ада, 03872','072 269-38-19','Ж'),(973,'Роксолана','Шило',1,'1991-11-02','вулиця Олександра Кониського, 007, місто Августин, 58095','+38 009 123-07-16','Ж'),(974,'Венедикт','Тихий',3,'1954-03-06','набережна Михайла Зубрицького, 86, село Тереза, 79109','630 42 51','Ч'),(975,'Василина','Гаєвський',1,'2005-02-01','вулиця Прорізна, 9, хутір Лілія, 61288','+38 000 242-26-15','Ж'),(976,'Борис','Лавренко',2,'1968-04-30','набережна Спортивна, 0, місто Климент, 94330','+38 010 546-53-33','Ч'),(977,'Тереза','Мазур',2,'1944-09-26','вулиця Максима Залізняка, 84, місто Демʼян, 67042','+38 076 164 93 89','Ж'),(978,'Зорян','Яременко',1,'1954-06-06','набережна 22 Січня, 66, хутір Мирослав, 02472','079 617-29-41','Ч'),(979,'Олесь','Товстуха',1,'1966-01-31','набережна Південна, 5, хутір Леопольд, 59921','047 216 23 09','Ч'),(980,'Іван','Данилюк',3,'1986-02-18','вулиця Михайла Лермонтова, 47, село Альбіна, 75413','+38 068 009-41-73','Ч'),(981,'Ярема','Ярема',0,'1997-10-16','набережна Петра Дорошенка, 2, хутір Аарон, 102878','031 102-83-99','Ч'),(982,'Опанас','Удовенко',0,'1960-10-12','вулиця Леся Мартовича, 5, село Леонтій, 102009','+38 (079) 500-29-61','Ч'),(983,'Марʼяна','Гайдамака',2,'1959-04-30','вулиця Михайла Коцюбинського, 5, місто Тарас, 87158','826 52 22','Ж'),(984,'Яків','Дробʼязко',0,'1957-05-03','набережна Дмитра Вітовського, 137, місто Пантелеймон, 41762','+38 069 014-88-32','Ч'),(985,'Любов','Гаврюшенко',1,'1970-02-07','вулиця Солоний Ставок, 21, селище Петро, 94519','+38 029 769-67-15','Ж'),(986,'Надія','Цушко',2,'1974-08-14','набережна Мирослава Тураша, 826, селище Юстина, 88013','362-49-97','Ж'),(987,'Юстим','Дутка',3,'1961-01-31','набережна Архипа Люльки, 40, хутір Златослава, 28093','046 881 49 12','Ч'),(988,'Богуслав','Симоненко',1,'1997-10-01','набережна Володимира Гнатюка, 2, селище Мирослав, 17232','788 68 75','Ч'),(989,'Віталій','Вакуленко',3,'1987-06-24','вулиця Івана Пулюя, 847, місто Ярема, 25554','+38 088 502-02-72','Ч'),(990,'Ростислав','Забашта',2,'1953-07-14','вулиця Броніслава Козловського, 1, село Захар, 52118','019 126-53-87','Ч'),(991,'Віктор','Павличенко',2,'1963-09-27','набережна Грюнвальдська, 42, хутір Антон, 59447','+38 044 399-72-71','Ч'),(992,'Софія','Пилипенко',0,'1967-01-26','вулиця Гончарська, 50, селище Едуард, 84815','+38 046 174-67-29','Ж'),(993,'Борислав','Михайличенко',3,'1972-12-06','набережна Володимира Великого, 0, селище Михайло, 99892','+38 084 609 05 68','Ч'),(994,'Едуард','Гоголь-Яновський',3,'1977-12-04','набережна Лемківська, 267, місто Демʼян, 76446','152 13 84','Ч'),(995,'Венедикт','Зінченко',0,'1993-06-24','набережна Раневицька, 5, хутір Олег, 109152','+38 076 917-16-49','Ч'),(996,'Болеслав','Бабʼюк',3,'1983-12-07','вулиця Степана Рудавського, 1, хутір Клавдія, 33376','689 43 21','Ч'),(997,'Ольга','Рубець',3,'1979-07-21','вулиця Устима Кармелюка, 75, селище Емілія, 99040','+38 062 840-25-69','Ж'),(998,'Амвросій','Зінчук',1,'1980-04-16','набережна Олега Ольжича, 76, хутір Костянтин, 33287','+38 (096) 548-21-12','Ч'),(999,'Пріска','Пушкар',3,'1936-07-26','вулиця Козацька, 88, село Єва, 14148','612-34-44','Ж'),(1000,'Альбіна','Лаба',3,'1959-07-27','вулиця В\'ячеслава Чорновола, 11, місто Гордій, 83332','+38 038 991-66-70','Ж'),(1001,'Климент','Приймак',2,'1950-01-16','вулиця Паркова, 142, селище Марта, 54868','975 59 65','Ч'),(1002,'Єлисавета','Бандура',1,'1977-08-17','вулиця Тита Реваковича, 36, село Борис, 98924','+38 009 760-18-96','Ж'),(1003,'Варвара','Верховинець',3,'1959-01-03','набережна Івана Франка, 786, місто Назар, 25750','073 682-47-97','Ж'),(1004,'Григорій','Габелко',0,'1999-08-28','набережна Іллі Рєпіна, 041, хутір Наталія, 31593','005 369 09 68','Ч'),(1005,'Амалія','Алексеєнко',3,'1995-04-09','набережна Бориславська, 4, хутір Вікторія, 36225','+38 055 708-48-75','Ж'),(1006,'Аніта','Пʼятаченко',2,'2000-09-16','набережна Гайдамацька, 679, село Болеслав, 76697','247 54 46','Ж'),(1007,'Гаврило','Ющенко',1,'1944-07-31','набережна Богдана Лепкого, 1, місто Устим, 74841','018 611-61-79','Ч'),(1008,'Аліна','Гресь',0,'1936-01-29','набережна Юрія Дрогобича, 095, село Остап, 52568','003 386 77 24','Ж'),(1009,'Соломія','Тригуб',0,'1962-05-12','вулиця Стрийська, 230, хутір Ганна, 42389','011 968-77-76','Ж'),(1010,'Роксолана','Андрощук',3,'2004-02-19','вулиця Якова Головацького, 0, місто Климент, 48535','087 772-11-68','Ж'),(1011,'Святослава','Нестеренко',3,'1950-09-07','набережна Шолом Алейхема, 131, селище Ілля, 23828','803-79-19','Ж'),(1012,'Борис','Баран',0,'1947-07-08','набережна Спортивна, 128, місто Спас, 104639','068 234 69 36','Ч'),(1013,'Олена','Шутько',2,'1946-03-06','вулиця Людвіга ван Бетховена, 9, селище Тетяна, 91204','813-99-92','Ж'),(1014,'Еріка','Павленко',2,'2004-06-18','вулиця Миколи Лисенка, 1, село Мирослав, 88091','200 84 59','Ж'),(1015,'Марія','Атаманюк',1,'1959-07-11','набережна Спортивна, 72, село Дмитро, 12345','+38 005 800 31 98','Ж'),(1016,'Роман','Скирда',3,'1970-10-19','вулиця Маріїнська, 2, селище Одарка, 12753','069 534 44 00','Ч'),(1017,'Галина','Цибуленко',2,'1976-07-23','вулиця Олександра Кониського, 56, село Єфрем, 52618','056 454 92 12','Ж'),(1018,'Богодар','Безбородьки',2,'1937-11-25','вулиця Ірини Вільде, 359, хутір Тереза, 68134','+38 061 799-85-78','Ч'),(1019,'Давид','Гриценко',1,'1933-05-07','набережна Богдана Лепкого, 6, селище Сергій, 69748','012-91-90','Ч'),(1020,'Андрій','Примаченко',0,'1990-11-22','набережна Івана Котляревського, 66, селище Ігнат, 09510','096 687-36-77','Ч'),(1021,'Ада','Комар',0,'2001-11-24','вулиця Січових Стрільців, 77, село Святослава, 34663','556 42 56','Ж'),(1022,'Христина','Аронець',1,'1990-12-22','набережна Бориславська, 225, селище Пармен, 24765','+38 027 674 89 18','Ж'),(1023,'Ірена','Масляк',1,'2001-03-04','набережна Миколи Вороного, 58, місто Алла, 06226','072 54 77','Ж'),(1024,'Володимира','Чарниш',3,'1968-01-27','набережна Йосипа Сліпого, 29, село Артем, 75743','+38 082 294-46-60','Ж'),(1025,'Миколай','Демʼянчук',3,'2003-03-27','набережна Володимира Чапельського, 633, хутір Олекса, 101509','093 289 68 70','Ч'),(1026,'Борис','Артюх',2,'1932-01-18','набережна Євгена Коновальця, 51, хутір Михайлина, 69282','071 595-89-37','Ч'),(1027,'Емілія','Засенко',2,'1990-04-28','вулиця Бруно Шульца, 8, місто Аркадій, 19534','570 13 73','Ж'),(1028,'Спас','Свириденко',0,'1985-08-22','вулиця Іллі Рєпіна, 36, селище Володимира, 93482','221-91-78','Ч'),(1029,'Галина','Данилюк',3,'1952-11-28','вулиця Уляни Кравченко, 5, хутір Артем, 02035','+38 (082) 943-96-97','Ж'),(1030,'Алла','Абрагамовський',1,'1943-10-09','вулиця Євгена Коновальця, 1, хутір Анжела, 14076','024 274 09 50','Ж'),(1031,'Маруся','Рябовіл',2,'1984-03-03','вулиця Ріпницька, 420, місто Мирослав, 73246','+38 018 423-40-31','Ж'),(1032,'Варвара','Єрмоленко',1,'1945-08-16','набережна Івана Франка, 840, село Тетяна, 73311','+38 027 050 59 43','Ж'),(1033,'Дарина','Ісаєвич',0,'1969-08-30','набережна Станіслава Людкевича, 1, місто Соломон, 06298','350 05 74','Ж'),(1034,'Валентина','Чуйко',0,'1939-10-26','набережна Бруно Шульца, 9, село Феофан, 95966','+38 044 708-69-11','Ж'),(1035,'Анжела','Щорс',2,'1997-12-16','набережна Антона Чехова, 886, село Давид, 77392','171 74 42','Ж'),(1036,'Тереза','Атрощенко',2,'1947-11-19','вулиця В\'ячеслава Чорновола, 310, хутір Ада, 26979','+38 (091) 976-88-60','Ж'),(1037,'Артем','Гайдай',3,'1984-10-02','набережна Княгині Ольги, 957, село Дарина, 29085','782-71-19','Ч'),(1038,'Одарка','Артимишин',1,'1975-10-11','набережна Спортивна, 7, селище Орхип, 89879','+38 027 156-41-71','Ж'),(1039,'Мирослав','Романець',0,'2002-08-24','вулиця Прорізна, 4, місто Єфрем, 24965','656 24 22','Ч'),(1040,'Вікторія','Матвієнко',0,'1962-02-18','набережна Різдвяна, 613, місто Герман , 104064','+38 045 422-72-12','Ж'),(1041,'Євген','Габелко',0,'1954-01-17','набережна Олеся Гончара, 25, місто Надія, 85606','+38 (089) 804-51-22','Ч'),(1042,'Соломон','Рак',1,'1968-07-29','вулиця Грюнвальдська, 15, хутір Тереза, 32227','+38 036 647 18 76','Ч'),(1043,'Максим','Андрейко',0,'2004-11-22','набережна Петра Сагайдачного, 51, місто Марина, 03822','012 921-69-53','Ч'),(1044,'Леон','Приймак',3,'1950-04-11','вулиця Дмитра Вітовського, 363, селище Пантелеймон, 108352','+38 088 523 26 98','Ч'),(1045,'Стефан','Євтушенко',3,'1932-03-16','набережна Бруно Шульца, 722, село Соломон, 84741','+38 090 630-40-62','Ч'),(1046,'Давид','Вахній',1,'1949-05-24','набережна Максима Рильського, 2, селище Клавдія, 14332','783-20-40','Ч'),(1047,'Роман','Бездітко',2,'1933-11-09','вулиця Буковинська, 1, село Климент, 72144','+38 044 867-32-16','Ч'),(1048,'Орхип','Затовканюк',0,'1967-07-20','набережна Іллі Рєпіна, 99, місто Феофан, 99099','+38 (097) 225-47-41','Ч'),(1049,'Богодар','Дергач',2,'1954-09-02','вулиця Лева Толстого, 76, село Ліза, 93838','+38 028 836-72-89','Ч'),(1050,'Варвара','Аврамчук',3,'1952-09-16','набережна Індустріальна, 7, село Надія, 81496','933-24-01','Ж'),(1051,'Едита','Засядько',1,'1960-05-31','набережна Грюнвальдська, 9, село Онисим, 59021','034 089 85 15','Ж'),(1052,'Охрім','Бабариченко',0,'1969-01-20','вулиця Братів Кицилів, 451, село Левко, 31346','+38 089 607-07-03','Ч'),(1053,'Михайло','Цимбалюк',0,'1977-04-18','набережна Михайла Старицького, 976, село Тереза, 03327','036 059-73-02','Ч'),(1054,'Дмитро','Худобʼяк',0,'1963-01-14','вулиця Музична, 120, хутір Ігор, 54322','+38 062 012 38 72','Ч'),(1055,'Святослава','Притула',1,'1998-09-29','набережна Олени Теліги, 188, місто Єлисей, 28696','+38 (095) 945-30-16','Ж'),(1056,'Миколай','Даньків',1,'1989-04-30','вулиця Миколи Вороного, 55, селище Анастасія, 66203','000 996-15-58','Ч'),(1057,'Августин','Баранець',3,'1995-05-19','набережна Львівська, 70, місто Маруся, 09858','654 48 08','Ч'),(1058,'Ліза','Оліфіренко',0,'2002-06-25','набережна Фредеріка Шопена, 029, селище Олександр, 41844','+38 (086) 114-15-81','Ж'),(1059,'Орина','Верес',0,'1976-08-07','набережна Шолом Алейхема, 44, село Віталій, 45250','607 99 83','Ж'),(1060,'Володимир','Акуленко',2,'1937-05-11','набережна Степана Коваліва, 37, селище Мирон, 55098','+38 087 611 76 67','Ч'),(1061,'Тимофій','Ґоляш',3,'1953-10-06','набережна Пластунів, 28, село Ігор, 83183','255 28 65','Ч'),(1062,'Вікторія','Гавришкевич',2,'1947-09-12','вулиця Кирило - Мефодіївська, 41, село Клавдія, 44509','+38 (068) 870-67-83','Ж'),(1063,'Богдан','Затула',2,'1963-04-22','вулиця Фабрична, 57, хутір Пармен, 06994','+38 (079) 568-19-07','Ч'),(1064,'Зиновій','Фоменко',2,'2003-11-12','вулиця Глінки, 96, хутір Михайло, 88880','+38 (052) 736-15-54','Ч'),(1065,'Людмила','Ватаманюк',1,'1952-08-29','вулиця Івана Верхратського, 897, хутір Аврелій, 32821','+38 013 127 30 17','Ж'),(1066,'Марія','Єсипенко',2,'1968-12-09','вулиця Братів Кицилів, 25, селище Пармен, 58921','+38 054 625-00-34','Ж'),(1067,'Марко','Оберемко',1,'1960-01-31','набережна Маркіяна Шашкевича, 7, село Веніямин, 97386','+38 083 060-72-21','Ч'),(1068,'Алла','Москаль',1,'1994-05-01','набережна Бойківська, 835, село Владислав, 101801','806 47 46','Ж'),(1069,'Іван','Яценко',1,'1981-12-07','набережна Миколи Вороного, 1, селище Борислав, 77157','211-54-30','Ч'),(1070,'Антон','Чумак',3,'1979-08-12','набережна Івана Карпенка-Карого, 4, місто Тетяна, 12515','+38 (050) 408-62-04','Ч'),(1071,'Вікторія','Ковпак',0,'1933-02-14','набережна Спартака, 88, хутір Герман , 103937','+38 (075) 564-03-04','Ж'),(1072,'Остап','Забарний',2,'1962-12-12','набережна Миколи Леонтовича, 5, місто Марія, 93526','083 957 17 92','Ч'),(1073,'Костянтин','Салій',2,'1956-03-11','вулиця Михайла Коцюбинського, 944, хутір Гаврило, 03279','+38 (031) 037-85-54','Ч'),(1074,'Мілена','Гайда',3,'1972-07-22','вулиця Юрія Федьковича, 435, селище Орест, 45486','450-97-10','Ж'),(1075,'Гаврило','Матвієнко',0,'1988-09-04','вулиця Тиха, 10, село Борис, 51194','+38 066 944-17-34','Ч'),(1076,'Амалія','Гавришкевич',3,'1983-07-18','вулиця 22 Січня, 25, місто Семен, 23872','015 416-58-86','Ж'),(1077,'Юхим','Влох',0,'1978-07-03','набережна Крушельницької, 00, хутір Нестор, 59775','394 44 39','Ч'),(1078,'Вʼячеслав','Алексеєнко',1,'1955-01-07','вулиця Устима Кармелюка, 22, місто Оксенія, 56357','886 24 46','Ч'),(1079,'Борис','Левченко',1,'1973-09-04','вулиця Маркіяна Шашкевича, 034, село Оксана, 79987','026 45 00','Ч'),(1080,'Галина','Батюк',2,'1997-08-28','набережна Вербова, 01, хутір Богуслав, 37293','001 340-36-13','Ж'),(1081,'Едита','Гузенко',2,'1988-01-02','вулиця Гончарська, 5, селище Віктор, 34134','+38 081 831-81-97','Ж'),(1082,'Ліза','Дараган',0,'1970-08-27','вулиця Андрія Мельника, 23, селище Альбіна, 77013','+38 038 347-26-58','Ж'),(1083,'Орхип','Дуплій',1,'1993-02-20','вулиця Устима Кармелюка, 149, місто Арсен, 86388','045 270 90 92','Ч'),(1084,'Єфрем','Джунь',0,'1954-03-05','набережна Василя Симоненка, 951, село Варвара, 104988','017 139-74-66','Ч'),(1085,'Пріска','Вдовенко',2,'1997-12-21','вулиця Південна, 47, селище Роман, 106939','237-18-27','Ж'),(1086,'Артем','Овсієнко',3,'1988-05-05','вулиця Тараса Шевченка, 2, селище Ярина, 05307','+38 042 029-53-01','Ч'),(1087,'Лесь','Романчук',0,'1970-05-31','вулиця Ковальська, 330, хутір Ігор, 98946','+38 026 155-54-98','Ч'),(1088,'Зорян','Іщак',0,'2003-01-05','вулиця Максима Кривоноса, 955, село Мирон, 107044','+38 078 574 57 10','Ч'),(1089,'Світлана','Оніщук',2,'1941-06-14','вулиця Горішня Брама, 7, місто Аркадій, 03615','024 331-46-79','Ж'),(1090,'Анастасія','Чалий',2,'1950-04-07','набережна Млинарська, 2, хутір Богуслава, 43592','436-36-67','Ж'),(1091,'Веніямин','Шамрай',1,'1971-05-28','набережна Миколи Некрасова, 169, село Святослав, 42742','+38 095 224-87-32','Ч'),(1092,'Святослава','Павличенко',2,'1959-03-06','набережна Панаса Мирного, 447, хутір Андрій, 51071','+38 095 313-74-08','Ж'),(1093,'Амалія','Вівчаренко',1,'1936-09-20','вулиця Олени Теліги, 501, місто Альберт, 69462','107-34-19','Ж'),(1094,'Віра','Захарченко',2,'1979-11-24','вулиця Івана Сірка, 7, село Іван, 85981','058 77 78','Ж'),(1095,'Гордій','Гавриленко',1,'1937-08-29','вулиця Устияновичів, 3, місто Ростислав, 08188','726 28 59','Ч'),(1096,'Світлана','Лисенко',3,'2002-09-01','вулиця Мирослава Тураша, 3, хутір Орест, 41787','311 89 64','Ж'),(1097,'Наталія','Цушко',2,'1968-12-19','набережна Михайла Зубрицького, 9, хутір Марина, 71600','038 640 85 53','Ж'),(1098,'Віолетта','Устенко',2,'1983-05-13','вулиця Модеста Менцинського, 5, селище Світлана, 05950','+38 090 438-90-61','Ж'),(1099,'Людмила','Микитюк',1,'1985-05-10','набережна Дмитра Котка, 6, місто Герман , 75255','+38 088 896-01-34','Ж'),(1100,'Орест','Величко',3,'1963-11-23','набережна В\'ячеслава Чорновола, 16, хутір Омелян, 62987','+38 080 398-64-99','Ч'),(1101,'Борислав','Семенченко',2,'2003-04-21','вулиця Миколи Леонтовича, 0, хутір Ростислав, 06216','741 23 28','Ч'),(1102,'Клавдія','Ляшко',3,'1967-08-31','набережна 22 Січня, 9, село Валентин, 108115','+38 083 428 85 42','Ж'),(1103,'Захар','Ірванець',1,'1937-09-02','набережна Станіслава Людкевича, 99, селище Леон, 46542','+38 (046) 957-52-17','Ч'),(1104,'Ігор','Бандура',2,'1972-08-16','вулиця Ковальська, 5, хутір Панас, 69277','+38 005 433 26 56','Ч'),(1105,'Аврелій','Засядько',3,'1992-02-20','набережна Михайла Лермонтова, 209, місто Валентина, 35686','+38 098 260-85-96','Ч'),(1106,'Любов','Демʼяненко',0,'1979-02-09','вулиця Євгена Гребінки, 482, селище Гаврило, 01022','915 18 05','Ж'),(1107,'Альберт','Артимишин',2,'1979-03-01','набережна Глінки, 20, хутір Тарас, 49980','006 125-07-23','Ч'),(1108,'Златослава','Жук',0,'1965-07-25','вулиця Станіславська, 521, місто Пантелеймон, 107015','+38 031 141-53-28','Ж'),(1109,'Віолетта','Юрчук',1,'2003-05-09','набережна Шота Руставелі, 266, селище Одарка, 69272','+38 050 515 20 00','Ж'),(1110,'Максим','Павличенко',3,'1944-06-04','вулиця Братів Кицилів, 88, селище Хома, 61380','420-82-51','Ч'),(1111,'Аліна','Козак',3,'1957-02-23','набережна Людвіга ван Бетховена, 357, село Герман , 66899','894 32 44','Ж'),(1112,'Христина','Вергун',3,'1999-06-16','набережна Данила Нечая, 23, селище Герман , 58823','+38 (095) 853-51-23','Ж'),(1113,'Давид','Данильчук',1,'1999-03-11','набережна Марка Кропивницького, 1, село Ганна, 26365','+38 017 006 25 12','Ч'),(1114,'Євген','Асаула',3,'1944-05-04','вулиця Миколи Леонтовича, 8, селище Аарон, 86985','068 551 29 58','Ч'),(1115,'Ростислав','Уманець',3,'1949-06-29','набережна Спортивна, 79, хутір Юстина, 21530','000 204 29 55','Ч'),(1116,'Емілія','Артим',3,'1982-08-20','вулиця Богдана Лепкого, 2, місто Алла, 51341','073-70-69','Ж'),(1117,'Дарина','Сірко',2,'1949-02-08','вулиця Остапа Вишні, 087, селище Орися, 81630','055 630-10-59','Ж'),(1118,'Емілія','Батуринець',1,'1945-04-10','набережна Купальська, 86, місто Ілля, 38867','+38 059 542 99 18','Ж'),(1119,'Єфрем','Забашта',2,'1987-06-17','набережна Захарії Копистенського, 935, хутір Тимофій, 95463','+38 074 700-17-77','Ч'),(1120,'Соломон','Батіг',0,'1987-05-24','набережна Уляни Кравченко, 66, селище Світлана, 39783','501-18-87','Ч'),(1121,'Наталія','Засуха',3,'1954-01-29','набережна Маркіяна Шашкевича, 260, хутір Віталій, 31762','+38 (000) 950-13-34','Ж'),(1122,'Любов','Артеменко',1,'1973-05-15','набережна Братів Кицилів, 4, хутір Захар, 55319','+38 016 523-20-00','Ж'),(1123,'Альбіна','Дрозд',1,'1999-11-24','набережна Шота Руставелі, 0, місто Емілія, 102159','+38 016 927 05 83','Ж'),(1124,'Анастасія','Юрчишин',0,'1947-08-07','вулиця Миколи Лисенка, 643, місто Стефан, 03872','+38 034 462 56 40','Ж'),(1125,'Азар','Конопленко',0,'1963-06-03','вулиця Йосипа Сліпого, 054, село Надія, 45860','837 05 97','Ч'),(1126,'Мілена','Голобородько',1,'1933-02-15','набережна Григорія Сковороди, 0, місто Лілія, 97850','+38 031 636-36-02','Ж'),(1127,'Богуслава','Франчук',0,'1954-08-05','вулиця Грюнвальдська, 37, місто Володимира, 74394','067 627 89 03','Ж'),(1128,'Олена','Сиротенко',3,'1955-09-11','набережна Холмська, 7, село Одарка, 33787','019 074-24-66','Ж'),(1129,'Мартин','Проценко',2,'1955-01-18','вулиця Олександра Пушкіна, 900, селище Володимира, 74830','+38 (071) 630-29-83','Ч'),(1130,'Дарина','Туркало',1,'1955-07-16','вулиця Броніслава Козловського, 79, село Леон, 104245','018 15 38','Ж'),(1131,'Марина','Бакуменко',2,'1989-10-22','набережна Юрія Федьковича, 650, хутір Ярина, 86945','955 66 93','Ж'),(1132,'Амалія','Павлик',2,'1961-12-03','вулиця Дмитра Вітовського, 69, місто Орина, 44746','+38 061 624 74 48','Ж'),(1133,'Владислав','Бевзенко',1,'1932-10-17','вулиця Данила Галицького, 45, місто Стефан, 46447','048-26-27','Ч'),(1134,'Галина','Юрчук',3,'1960-12-11','вулиця Героїв Крут, 27, місто Орина, 44615','+38 095 464 24 76','Ж'),(1135,'Наталія','Євтушок',3,'1982-11-21','набережна Дмитра Вітовського, 089, місто Левко, 66781','075 696 83 24','Ж'),(1136,'Франц','Гаврилець',3,'1988-03-20','набережна Маркіяна Шашкевича, 9, селище Юстина, 22917','099 028-63-45','Ч'),(1137,'Давид','Єрмоленко',0,'1963-07-03','набережна Княгині Ольги, 58, селище Борислав, 07365','043 675 29 72','Ч'),(1138,'Мілена','Палій',2,'1983-02-22','вулиця Михайла Вербицького, 4, хутір Леопольд, 28856','+38 035 060-62-81','Ж'),(1139,'Одарка','Карпенко',2,'1974-04-04','вулиця Євгена Гребінки, 974, місто Пилип, 57461','013 550-99-16','Ж'),(1140,'Владислав','Штокало',2,'1945-02-28','набережна Зварицька, 0, селище Лесь, 97541','+38 015 353-46-65','Ч'),(1141,'Ярослав','Колодуб',2,'1977-05-12','вулиця Адама Міцкевича, 26, селище Алла, 71078','018 674-65-81','Ч'),(1142,'Златослава','Вдовенко',3,'1993-10-19','набережна Холмська, 00, хутір Ярина, 44552','+38 (085) 391-59-08','Ж'),(1143,'Марко','Рева',3,'1997-11-25','набережна Данила Нечая, 672, селище Едита, 98003','094 096-46-34','Ч'),(1144,'Сніжана','Данчук',2,'1992-07-23','набережна Івана Макуха, 037, селище Юхим, 93493','+38 009 150-54-76','Ж'),(1145,'Тереза','Карпенко',2,'1988-10-07','набережна Карпатська, 1, село Валерій, 39758','872 62 06','Ж'),(1146,'Христина','Голобородько',2,'1971-03-14','вулиця Богдана Лепкого, 2, хутір Веніямин, 61890','+38 021 591-92-20','Ж'),(1147,'Лілія','Гресь',1,'1947-08-23','набережна 22 Січня, 45, село Віктор, 31823','408-19-44','Ж'),(1148,'Оксенія','Лисенко',0,'1987-10-15','набережна Бориславська, 8, хутір Василь, 95682','+38 014 055 99 31','Ж'),(1149,'Оксенія','Данченко',3,'1970-02-28','вулиця Михайла Зубрицького, 7, селище Арсен, 38839','+38 075 206-83-45','Ж'),(1150,'Тимофій','Шевченко',1,'1983-06-27','вулиця Братів Кицилів, 1, селище Валентин, 57893','098 537 07 63','Ч'),(1151,'Надія','Данильчук',1,'1945-12-09','вулиця Максима Кривоноса, 4, селище Пармен, 88512','981 98 10','Ж'),(1152,'Дан','Верхола',0,'1956-10-04','вулиця Іллі Рєпіна, 6, село Юстина, 78986','+38 065 867-42-99','Ч'),(1153,'Прохір','Сірко',1,'1988-04-29','вулиця Тиха, 77, місто Еріка, 39437','087 203-68-50','Ч'),(1154,'Олександр','Бабенко',3,'1965-07-14','набережна Броніслава Козловського, 860, хутір Охрім, 24539','+38 034 987 85 35','Ч'),(1155,'Марта','Атаманюк',1,'2004-05-01','вулиця 22 Січня, 694, місто Юхим, 42393','+38 023 232-36-28','Ж'),(1156,'Розалія','Оніщук',2,'1984-04-02','вулиця Фредеріка Шопена, 432, селище Розалія, 24816','+38 (060) 072-63-95','Ж'),(1157,'Анжела','Бабʼюк',1,'1994-09-17','вулиця Григорія Коссака, 735, село Віолетта, 88286','704-79-48','Ж'),(1158,'Нестор','Бабʼюк',0,'1952-02-16','набережна Холмська, 417, селище Амалія, 56556','011 918-02-65','Ч'),(1159,'Лесь','Давиденко',2,'1988-12-18','набережна Маркіяна Шашкевича, 2, місто Ігор, 59687','+38 015 489-58-29','Ч'),(1160,'Ярина','Аронець',3,'1980-08-10','набережна Коминярська, 64, місто Юстим, 37304','421 97 35','Ж'),(1161,'Камілла','Джунь',0,'1953-03-15','набережна Ірини Вільде, 0, селище Назар, 08016','+38 064 537 77 46','Ж'),(1162,'Омелян','Джунь',0,'1936-01-03','вулиця Купальська, 60, селище Надія, 83917','+38 000 090-28-24','Ч'),(1163,'Миколай','Дзиндра',0,'1935-08-21','набережна Академіка Сахарова, 55, місто Ростислав, 52368','554 27 84','Ч'),(1164,'Ада','Дацюк',0,'1966-10-25','набережна Данила Нечая, 694, село Данна, 29170','+38 (022) 572-31-00','Ж'),(1165,'Богодар','Філіпенко',3,'2002-10-25','вулиця Олександра Кониського, 335, селище Назар, 43824','015 201-43-91','Ч'),(1166,'Віолетта','Гресь',2,'2005-01-27','набережна Андрея Шептицького, 781, хутір Трохим, 108996','+38 020 624-20-79','Ж'),(1167,'Єлисавета','Тичина',3,'1988-04-19','набережна Михайла Остроградського, 94, селище Мирослав, 73134','+38 085 570-97-90','Ж'),(1168,'Валентин','Гавришкевич',0,'1990-07-05','вулиця Станіславська, 813, місто Камілла, 87348','+38 (094) 835-71-51','Ч'),(1169,'Єва','Устенко',3,'1999-01-20','вулиця Фредеріка Шопена, 776, місто Йосип, 45452','+38 051 166-60-35','Ж'),(1170,'Одарка','Гаврилишин',2,'2004-08-18','набережна Івана Вендзиловича, 032, хутір Борис, 33523','+38 062 605 22 57','Ж'),(1171,'Захар','Артюшенко',2,'1939-11-21','набережна Володимира Гнатюка, 7, хутір Маруся, 48370','+38 070 971-40-65','Ч'),(1172,'Прохір','Байда',2,'1942-12-17','вулиця Остапа Вишні, 9, селище Єва, 69891','471-95-30','Ч'),(1173,'Софія','Скоробогатько',1,'1944-01-23','набережна Буковинська, 617, селище Михайлина, 27423','+38 072 111-58-89','Ж'),(1174,'Наталія','Забіла',0,'1992-08-01','вулиця Лева Толстого, 338, місто Володимир, 59901','+38 050 095-44-66','Ж'),(1175,'Ірина','Зінчук',1,'1931-07-22','вулиця Григорія Коссака, 60, селище Євген, 52887','+38 (080) 415-18-11','Ж'),(1176,'Опанас','Лемешко',0,'1954-10-06','вулиця Коминярська, 2, місто Захар, 102985','434-38-13','Ч'),(1177,'Людмила','Корж',1,'2005-04-07','набережна Устима Кармелюка, 5, місто Маруся, 13822','+38 053 598-54-78','Ж'),(1178,'Ада','Бандурка',2,'2002-05-06','вулиця Марка Кропивницького, 2, село Марʼяна, 73140','+38 074 764 48 28','Ж'),(1179,'Марко','Наливайко',1,'1988-08-01','вулиця Володимира Івасюка, 675, село Амалія, 82109','193 02 15','Ч'),(1180,'Валентина','Романчук',3,'1999-08-25','вулиця Антона Чехова, 56, місто Христина, 26110','676 55 69','Ж'),(1181,'Варвара','Бевз',1,'1983-03-05','вулиця Михайла Зубрицького, 663, село Тимофій, 04328','+38 (011) 822-20-36','Ж'),(1182,'Пріска','Давиденко',3,'1996-07-24','набережна Миколи Вороного, 08, село Василина, 44992','+38 027 344 11 20','Ж'),(1183,'Орися','Андрійчук',3,'1983-11-29','вулиця Юрія Дрогобича, 0, селище Христина, 48278','734-73-94','Ж'),(1184,'Ірена','Вергун',3,'1943-04-17','набережна Михайла Зубрицького, 9, місто Леон, 19760','+38 023 320 03 01','Ж'),(1185,'Хома','Журба',2,'1933-07-25','набережна Адама Міцкевича, 81, селище Алла, 73110','+38 079 754 79 39','Ч'),(1186,'Галина','Лубенець',3,'1993-07-19','вулиця Іллі Рєпіна, 0, хутір Онисим, 91043','053 662 96 92','Ж'),(1187,'Богуслава','Бараник',3,'1995-06-14','вулиця 22 Січня, 17, село Галина, 77128','+38 085 812 83 43','Ж'),(1188,'Валентин','Вітер',2,'1959-01-13','набережна Лішнянська, 559, село Лесь, 81994','082 949 23 98','Ч'),(1189,'Віолетта','Цісик',2,'1991-06-24','вулиця Володимира Винниченка, 7, селище Тетяна, 108689','638-63-52','Ж'),(1190,'Еріка','Чорновіл',3,'1959-10-12','вулиця Горішня Брама, 46, хутір Зорян, 68317','072 347-96-08','Ж'),(1191,'Златослава','Дрозденко',3,'1940-01-13','вулиця Вокзальна, 60, село Борислав, 33551','+38 080 957 95 36','Ж'),(1192,'Варвара','Пустовіт',3,'1998-06-12','набережна Петра Дорошенка, 1, селище Климент, 108866','+38 096 557-31-25','Ж'),(1193,'Орхип','Тригуб',2,'1965-08-28','вулиця Миколи Леонтовича, 20, місто Пилип, 73505','058 494-67-05','Ч'),(1194,'Михайло','Єфименко',1,'1963-05-23','вулиця Миколи Лисенка, 57, селище Людмила, 55744','+38 022 098 48 61','Ч'),(1195,'Єлисавета','Козаченко',3,'1948-12-06','вулиця Захарії Копистенського, 94, село Пармен, 69738','098 605-82-39','Ж'),(1196,'Аркадій','Бабʼюк',1,'1973-09-30','набережна Петра Дорошенка, 710, хутір Антон, 102033','189-12-72','Ч'),(1197,'Владислав','Чорновіл',0,'1935-11-14','набережна Йосифа Стадника, 154, селище Веніямин, 83171','016 188-20-31','Ч'),(1198,'Оксенія','Бакуменко',1,'1989-05-02','вулиця Княгині Ольги, 342, хутір Ігор, 98969','037 313-57-64','Ж'),(1199,'Дарина','Верхола',3,'1990-01-26','вулиця Павла Полуботка, 5, селище Валерій, 104142','007 859 02 94','Ж'),(1200,'Данило','Примаченко',1,'1986-01-13','набережна Володимира Винниченка, 11, хутір Пантелеймон, 82698','453 40 00','Ч'),(1201,'Панас','Засенко',0,'1944-07-07','набережна Шолом Алейхема, 827, селище Микита, 94630','593-35-13','Ч'),(1202,'Прохір','Дрозденко',1,'1978-11-01','набережна Станіслава Людкевича, 28, селище Давид, 55338','043-92-79','Ч'),(1203,'Мирон','Шевченко',1,'1969-09-25','набережна Михайла Лермонтова, 46, селище Камілла, 52209','109-80-79','Ч'),(1204,'Пріска','Сич',2,'1940-12-23','вулиця Іллі Рєпіна, 435, хутір Марʼяна, 22206','+38 (022) 661-80-46','Ж'),(1205,'Олена','Акименко',3,'1977-12-28','вулиця Броніслава Козловського, 73, селище Анжела, 82520','022 130-20-43','Ж'),(1206,'Орхип','Христич',0,'1964-02-14','вулиця Вербова, 592, селище Костянтин, 51188','+38 020 147-89-03','Ч'),(1207,'Нестор','Титаренко',0,'1958-07-07','набережна Юрія Федьковича, 3, селище Теодор, 51801','+38 079 807 05 43','Ч'),(1208,'Едуард','Макогон',0,'2004-11-18','набережна Леся Мартовича, 65, село Соломія, 36177','+38 009 762 35 22','Ч'),(1209,'Клавдія','Каденюк',0,'1940-03-23','набережна Михайла Вербицького, 9, хутір Світлана, 04555','583-06-77','Ж'),(1210,'Аліна','Батюк',2,'1995-04-04','набережна Івана Макуха, 0, хутір Владислав, 44114','+38 076 445-04-49','Ж'),(1211,'Анастасія','Редько',0,'1947-10-08','набережна Олександра Пушкіна, 128, хутір Пантелеймон, 66997','+38 011 379-53-91','Ж'),(1212,'Давид','Атрощенко',3,'2002-11-10','вулиця Григорія Коссака, 6, хутір Максим, 02149','+38 064 769-49-00','Ч'),(1213,'Ростислав','Архимович',2,'1985-01-09','вулиця Фредеріка Шопена, 54, місто Августин, 86590','984 76 42','Ч'),(1214,'Любов','Оберемко',3,'1945-07-04','набережна Пилипа Орлика, 6, місто Орест, 106963','099 220 93 34','Ж'),(1215,'Василина','Романчук',2,'1985-01-08','вулиця Ярослава Осмомисла, 980, хутір Амалія, 99288','047 007-90-36','Ж'),(1216,'Дан','Абрагамовський',3,'1935-12-23','вулиця Крушельницької, 237, місто Анастасія, 43710','000 338 01 68','Ч'),(1217,'Варвара','Хмара',3,'1972-04-01','набережна Твердохліба, 71, селище Марко, 17664','+38 037 570-80-72','Ж'),(1218,'Алевтин','Шелест',2,'1976-09-05','набережна Ковальська, 472, хутір Роксолана, 101000','+38 022 846-54-75','Ч'),(1219,'Дарина','Данчук',2,'1980-02-09','вулиця Василя Стуса, 0, селище Христина, 84189','+38 053 004 55 59','Ж'),(1220,'Симон','Забарний',3,'1992-11-10','набережна Івана Сірка, 5, хутір Леон, 57805','024 823 47 13','Ч'),(1221,'Захар','Канівець',1,'1944-01-06','вулиця Василя Симоненка, 3, село Максим, 96237','+38 069 270-09-52','Ч'),(1222,'Григорій','Малишко',1,'1987-07-17','набережна Євгена Гребінки, 658, селище Богодар, 83362','+38 (067) 351-50-45','Ч'),(1223,'Дмитро','Артюх',2,'1992-10-01','вулиця Данила Нечая, 7, село Онисим, 66810','+38 039 964 57 42','Ч'),(1224,'Климент','Семенченко',2,'1952-07-23','вулиця Індустріальна, 02, хутір Лукʼян, 58619','+38 088 347-29-79','Ч'),(1225,'Тереза','Приймак',0,'1959-10-22','набережна Степана Коваліва, 190, місто Златослава, 35314','695 15 06','Ж'),(1226,'Данна','Байрак',3,'1952-07-04','вулиця Крушельницької, 4, місто Орхип, 27104','046 193 20 66','Ж'),(1227,'Теодор','Євтушенко',3,'2003-09-24','вулиця Михайла Зубрицького, 796, село Соломон, 48266','+38 014 286-91-24','Ч'),(1228,'Вʼячеслав','Оберемко',1,'1945-12-14','вулиця Зварицька, 98, селище Сніжана, 18854','008 193 58 58','Ч'),(1229,'Данна','Бабич',3,'1993-02-16','набережна Гончарська, 888, хутір Євген, 26638','+38 (058) 726-97-98','Ж'),(1230,'Дарина','Сагаль',0,'1937-10-11','набережна Остапа Вишні, 2, місто Олекса, 89408','+38 (006) 621-10-96','Ж'),(1231,'Марія','Саєнко',2,'1959-11-30','набережна Володимира Вернадського, 425, місто Альбіна, 11098','104-83-14','Ж'),(1232,'Ярема','Гаврилишин',3,'1957-02-07','вулиця Кирило - Мефодіївська, 022, хутір Софія, 88175','+38 017 893 28 45','Ч'),(1233,'Аліна','Абрагамовський',3,'1946-11-28','вулиця Андрія Чайковського, 792, хутір Галина, 16651','348 21 85','Ж'),(1234,'Микита','Пилипенко',0,'1994-12-21','вулиця Йосифа Стадника, 034, хутір Прохір, 49052','+38 010 272 90 84','Ч'),(1235,'Аарон','Саченко',1,'1937-05-11','вулиця В\'ячеслава Чорновола, 87, село Анжела, 94179','808 28 79','Ч'),(1236,'Тереза','Конопля',0,'1991-03-31','набережна Опришківська, 3, селище Василь, 11715','008 452-43-90','Ж'),(1237,'Ярослав','Чекалюк',1,'1945-06-15','набережна Холмська, 118, хутір Ілля, 81084','384-96-46','Ч'),(1238,'Єва','Вергун',1,'1944-07-23','вулиця Фабрична, 00, місто Амвросій, 92884','+38 (005) 666-79-34','Ж'),(1239,'Одарка','Михалюк',2,'2004-06-24','набережна Ярослава Осмомисла, 97, хутір Григорій, 16291','023 386-56-76','Ж'),(1240,'Михайло','Непорожній',1,'1965-11-02','вулиця Шолом Алейхема, 0, селище Леон, 78010','046 983-02-83','Ч'),(1241,'Ярослава','Овчаренко',0,'1973-03-07','вулиця Спортивна, 5, село Пармен, 76140','+38 (099) 059-48-39','Ж'),(1242,'Алла','Охріменко',0,'1980-10-15','набережна Твердохліба, 2, місто Семен, 79260','+38 (015) 350-67-02','Ж'),(1243,'Юхим','Гречко',0,'1931-02-11','вулиця Маркіяна Шашкевича, 77, село Амалія, 15093','803 27 92','Ч'),(1244,'Ада','Тригуб',3,'1966-06-28','вулиця В\'ячеслава Чорновола, 14, хутір Давид, 93582','084 466-78-89','Ж'),(1245,'Антон','Бабʼюк',3,'1981-05-09','вулиця Бориславська, 3, селище Лукʼян, 103481','063 009-15-13','Ч'),(1246,'Віктор','Талан',1,'1968-09-08','вулиця Василя Симоненка, 027, хутір Устим, 32091','045 580 99 12','Ч');
/*!40000 ALTER TABLE `person` ENABLE KEYS */;
UNLOCK TABLES;

--
-- Table structure for table `person_sci_career`
--

DROP TABLE IF EXISTS `person_sci_career`;
/*!40101 SET @saved_cs_client     = @@character_set_client */;
/*!50503 SET character_set_client = utf8mb4 */;
CREATE TABLE `person_sci_career` (
  `id` int NOT NULL AUTO_INCREMENT,
  `person_id` int NOT NULL,
  `sci_title_id` int NOT NULL,
  `science` varchar(45) NOT NULL,
  `date` datetime NOT NULL,
  `work_title` varchar(255) NOT NULL,
  PRIMARY KEY (`id`),
  KEY `fk_person_carrier_person1_idx` (`person_id`),
  KEY `fk_sci_career_sci_title1_idx` (`sci_title_id`),
  CONSTRAINT `fk_person_carrier_person1` FOREIGN KEY (`person_id`) REFERENCES `person` (`id`),
  CONSTRAINT `fk_sci_career_sci_title1` FOREIGN KEY (`sci_title_id`) REFERENCES `sci_title` (`id`)
) ENGINE=InnoDB AUTO_INCREMENT=106 DEFAULT CHARSET=utf8;
/*!40101 SET character_set_client = @saved_cs_client */;

--
-- Dumping data for table `person_sci_career`
--

LOCK TABLES `person_sci_career` WRITE;
/*!40000 ALTER TABLE `person_sci_career` DISABLE KEYS */;
INSERT INTO `person_sci_career` VALUES (1,251,3,'Фізика','2010-02-11 00:00:00','Vel adipisci tempore quibusdam ipsam neque.'),(2,254,1,'Дієтологія','1988-10-22 00:00:00','Nulla voluptatibus culpa nisi libero amet sapiente quis.'),(4,254,4,'Дієтологія','2009-05-06 00:00:00','Magni accusantium consequuntur.'),(5,266,3,'Фізика','1992-10-06 00:00:00','Sit repellat reprehenderit aliquam nisi.'),(6,273,2,'ЕсКюЕль','1997-02-09 00:00:00','Labore minima nulla vel placeat dicta.'),(7,273,2,'ЕсКюЕль','1995-10-27 00:00:00','Alias autem veritatis autem.'),(8,275,1,'ДжаваСкріпт','2015-07-06 00:00:00','Cum perferendis deserunt architecto vitae sapiente deserunt.'),(9,275,2,'ДжаваСкріпт','2004-06-27 00:00:00','Tenetur ad facilis enim occaecati voluptatem molestias veritatis.'),(10,279,1,'Хімія','1978-01-28 00:00:00','Provident omnis dolor id tenetur.'),(11,279,2,'Хімія','1977-05-17 00:00:00','Velit facere placeat non rerum aliquid.'),(12,283,1,'Література','2008-07-08 00:00:00','Maxime facilis nemo ex possimus blanditiis laudantium cumque.'),(13,283,3,'Література','1980-04-19 00:00:00','Ullam odio hic soluta.'),(14,293,4,'ЕсКюЕль','1980-01-19 00:00:00','Quis error nobis velit laborum neque omnis.'),(15,300,4,'ЕсКюЕль','2004-02-25 00:00:00','Excepturi quod quod enim.'),(16,300,2,'ЕсКюЕль','1970-01-01 00:00:00','Repellat cum unde amet esse nihil.'),(17,305,3,'Фізика','1999-08-11 00:00:00','Maxime incidunt velit.'),(18,305,4,'Фізика','1973-02-18 00:00:00','Ullam mollitia dolorem sunt.'),(19,314,4,'Дієтологія','1977-02-26 00:00:00','Sint delectus repellendus corporis non nulla.'),(20,320,4,'ДжаваСкріпт','2020-03-07 00:00:00','Doloremque commodi impedit nulla.'),(21,328,3,'ДжаваСкріпт','2009-09-22 00:00:00','Expedita deleniti reprehenderit pariatur omnis.'),(22,328,1,'ДжаваСкріпт','2017-03-20 00:00:00','Illum quam exercitationem assumenda repudiandae.'),(23,329,2,'Література','2001-06-20 00:00:00','Minus fugit suscipit nobis.'),(24,329,1,'Література','1988-07-08 00:00:00','Recusandae perspiciatis est rem atque.'),(25,334,2,'Хімія','2006-10-01 00:00:00','Magnam velit esse occaecati dolores fuga.'),(26,334,1,'Хімія','1980-11-06 00:00:00','Vel officiis esse praesentium.'),(27,336,3,'Література','2019-10-01 00:00:00','Fugiat cum aut voluptatem neque.'),(28,338,4,'Хімія','2002-01-05 00:00:00','In assumenda adipisci.'),(29,346,1,'ЕсКюЕль','1993-03-12 00:00:00','Ipsam provident quis alias debitis distinctio.'),(30,348,2,'ЕсКюЕль','2009-07-09 00:00:00','Quod voluptatibus tenetur esse id.'),(31,358,3,'ЕсКюЕль','1983-03-19 00:00:00','Ipsum fugiat a ipsum eum architecto quis.'),(32,358,4,'ЕсКюЕль','2005-07-31 00:00:00','Doloribus error nemo voluptatem porro soluta.'),(33,364,4,'Дієтологія','2002-01-18 00:00:00','Natus laboriosam iure incidunt magnam dolorem.'),(34,369,3,'Література','1976-05-15 00:00:00','Aliquid necessitatibus nihil officia nisi.'),(35,369,3,'Література','1990-07-15 00:00:00','Laboriosam laudantium repudiandae saepe nemo tempore consequuntur.'),(36,370,4,'Хімія','1983-05-31 00:00:00','Similique impedit ea alias consequatur rem.'),(37,370,1,'Хімія','1987-05-31 00:00:00','Iste quam voluptatum omnis dolor fugit quam.'),(38,371,3,'Математика','2004-08-12 00:00:00','Delectus maxime expedita similique soluta.'),(39,376,1,'ЕсКюЕль','2021-09-01 00:00:00','Fugit nulla labore.'),(40,377,3,'Фізика','2012-04-06 00:00:00','Fugiat incidunt perspiciatis minima eveniet blanditiis repellat.'),(41,389,4,'Дієтологія','1995-04-26 00:00:00','Voluptates ab illum.'),(42,389,4,'Дієтологія','1977-03-15 00:00:00','Asperiores nesciunt magnam corrupti soluta sequi.'),(43,390,4,'Дієтологія','1985-01-14 00:00:00','Ab sunt earum officia non repellendus exercitationem.'),(44,398,4,'Хімія','2005-06-04 00:00:00','Consequatur debitis iure autem.'),(45,404,3,'Хімія','1997-07-31 00:00:00','Natus aut nesciunt.'),(46,404,3,'Хімія','1973-11-27 00:00:00','Eveniet repellendus atque temporibus molestias.'),(47,405,3,'ЕсКюЕль','1978-04-05 00:00:00','Possimus totam aliquid consectetur nemo blanditiis ipsum.'),(48,405,3,'ЕсКюЕль','2000-03-09 00:00:00','Rem ipsa vel cum.'),(49,420,2,'Хімія','2012-06-07 00:00:00','Eveniet ut exercitationem blanditiis.'),(50,420,4,'Хімія','2014-09-08 00:00:00','Fugit iste eum odio accusamus.'),(51,423,1,'Щосьлогія','2007-11-21 00:00:00','Iste voluptatibus incidunt molestiae ex voluptatum est excepturi.'),(52,427,2,'ЕсКюЕль','1978-07-23 00:00:00','Inventore harum autem id nihil aperiam.'),(53,427,1,'ЕсКюЕль','1983-11-09 00:00:00','Quaerat architecto eligendi optio.'),(54,435,3,'Дієтологія','2014-08-09 00:00:00','Ad itaque aperiam tempore.'),(55,435,3,'Дієтологія','1991-02-25 00:00:00','Nihil dicta suscipit explicabo eaque pariatur corporis nesciunt.'),(56,442,3,'Щосьлогія','2001-02-03 00:00:00','Placeat ipsa eum optio doloribus accusamus perspiciatis.'),(57,442,2,'Щосьлогія','1977-04-19 00:00:00','Corrupti vitae facilis impedit.'),(58,446,3,'ЕсКюЕль','2004-05-11 00:00:00','Est maiores cum aut quo soluta recusandae.'),(59,446,2,'ЕсКюЕль','1990-05-13 00:00:00','Dolorem doloremque assumenda rem.'),(60,450,3,'ДжаваСкріпт','2002-06-08 00:00:00','Similique facere dolores necessitatibus repellendus iste.'),(61,450,3,'ДжаваСкріпт','2005-06-11 00:00:00','Rerum mollitia voluptate ipsum.'),(62,451,3,'ДжаваСкріпт','2003-02-07 00:00:00','Repellat officiis architecto.'),(63,453,3,'Щосьлогія','2020-08-18 00:00:00','Laboriosam aspernatur vero nostrum.'),(64,453,4,'Щосьлогія','2004-04-22 00:00:00','Provident ullam cupiditate earum vel accusantium.'),(65,458,2,'Література','2005-10-14 00:00:00','Minus cupiditate corrupti illo aliquam consequatur non.'),(66,458,3,'Література','2016-05-29 00:00:00','Suscipit ullam esse provident nisi quia.'),(67,473,3,'ДжаваСкріпт','1973-04-16 00:00:00','Cum tempora veniam repellat quae.'),(68,473,2,'ДжаваСкріпт','2005-03-16 00:00:00','Provident magnam consectetur soluta minus.'),(69,493,4,'ДжаваСкріпт','2005-06-09 00:00:00','Quod vel debitis dolorem eligendi earum temporibus.'),(70,493,3,'ДжаваСкріпт','1974-05-11 00:00:00','Totam quos voluptas itaque voluptates.'),(71,503,1,'ЕсКюЕль','2004-01-10 00:00:00','Perspiciatis consectetur odit doloribus dolore soluta.'),(72,503,4,'ЕсКюЕль','1995-06-14 00:00:00','Quam eaque magnam in quaerat doloribus adipisci.'),(73,511,1,'Література','1992-04-16 00:00:00','Facilis illum beatae libero iusto repudiandae ex.'),(74,513,3,'Щосьлогія','2019-06-05 00:00:00','Amet fugiat modi recusandae.'),(75,523,1,'Дієтологія','1968-12-21 00:00:00','Aut deleniti magni adipisci.'),(76,529,3,'Хімія','2011-05-11 00:00:00','Sed laboriosam sequi explicabo ratione.'),(77,529,4,'Хімія','2003-08-26 00:00:00','Veniam numquam optio doloribus quasi deserunt itaque minima.'),(78,530,2,'Фізика','1989-02-26 00:00:00','Suscipit numquam minus.'),(79,565,1,'Література','1991-12-09 00:00:00','Delectus provident distinctio nam sit.'),(80,565,3,'Література','2008-03-11 00:00:00','Nostrum dignissimos blanditiis.'),(81,572,4,'Математика','2002-08-23 00:00:00','Perferendis at eligendi assumenda fugit rerum vitae.'),(82,572,2,'Математика','2018-11-19 00:00:00','Voluptates provident impedit voluptas incidunt fuga.'),(83,581,3,'ЕсКюЕль','2000-06-25 00:00:00','Inventore nulla nostrum sit.'),(84,583,2,'Дієтологія','2015-11-26 00:00:00','Molestiae aliquid assumenda possimus possimus numquam labore.'),(85,584,2,'Хімія','2002-08-30 00:00:00','Assumenda doloremque pariatur.'),(86,584,3,'Хімія','1990-06-12 00:00:00','Quidem dicta ipsam consequatur.'),(87,592,3,'Математика','2011-10-12 00:00:00','Impedit temporibus aliquid temporibus iste eos eligendi.'),(88,592,3,'Математика','1977-01-04 00:00:00','Doloremque nulla rem recusandae quae porro.'),(89,594,4,'Фізика','1979-08-05 00:00:00','Tempora facilis adipisci harum molestiae nemo.'),(90,596,4,'Щосьлогія','1996-04-11 00:00:00','Odit quis animi eaque.'),(91,597,2,'Математика','1974-04-17 00:00:00','Inventore fugiat asperiores.'),(92,597,2,'Математика','2004-08-22 00:00:00','Occaecati quia velit nesciunt doloribus iure culpa.'),(93,599,1,'Хімія','1980-08-07 00:00:00','Facere nesciunt fugit sit amet.'),(94,600,3,'ЕсКюЕль','1970-11-04 00:00:00','Praesentium voluptate deserunt eum quos dicta distinctio.'),(95,603,3,'Математика','2006-03-31 00:00:00','Quaerat culpa iusto perferendis esse a.'),(96,604,1,'ДжаваСкріпт','1995-08-25 00:00:00','Cupiditate libero qui corporis distinctio qui.'),(97,608,3,'Математика','1972-06-12 00:00:00','Ratione tempore ea odit magnam.'),(98,609,1,'Математика','2013-11-10 00:00:00','Vitae dolore tempore eos quis ad quae.'),(99,610,2,'Математика','1993-06-19 00:00:00','Aliquid quisquam aliquam voluptates sunt numquam quaerat et.'),(100,620,2,'Література','1973-09-30 00:00:00','Molestias repellat possimus.'),(101,622,3,'ДжаваСкріпт','1982-09-09 00:00:00','Pariatur similique ipsa quidem.'),(102,625,4,'Дієтологія','1989-11-13 00:00:00','Rem eaque sint voluptas quaerat.'),(103,626,1,'ДжаваСкріпт','2011-11-10 00:00:00','Commodi enim accusamus iure quia soluta fuga.'),(104,630,1,'Література','2004-07-31 00:00:00','Eos aliquam cum vel est.'),(105,630,3,'Література','1986-11-20 00:00:00','Modi dolorem cupiditate voluptas assumenda.');
/*!40000 ALTER TABLE `person_sci_career` ENABLE KEYS */;
UNLOCK TABLES;

--
-- Table structure for table `plan`
--

DROP TABLE IF EXISTS `plan`;
/*!40101 SET @saved_cs_client     = @@character_set_client */;
/*!50503 SET character_set_client = utf8mb4 */;
CREATE TABLE `plan` (
  `id` int NOT NULL AUTO_INCREMENT,
  `speciality_id` int NOT NULL,
  `discipline_id` int NOT NULL,
  `course` int NOT NULL,
  `semester` int NOT NULL,
  `studying_work_type_id` int NOT NULL,
  `year` int NOT NULL,
  `hours` decimal(10,0) NOT NULL,
  PRIMARY KEY (`id`),
  KEY `fk_plan_speciality1_idx` (`speciality_id`),
  KEY `fk_plan_discipline1_idx` (`discipline_id`),
  KEY `fk_plan_studying_work_type1_idx` (`studying_work_type_id`),
  CONSTRAINT `fk_plan_discipline1` FOREIGN KEY (`discipline_id`) REFERENCES `discipline` (`id`),
  CONSTRAINT `fk_plan_speciality1` FOREIGN KEY (`speciality_id`) REFERENCES `speciality` (`id`),
  CONSTRAINT `fk_plan_studying_work_type1` FOREIGN KEY (`studying_work_type_id`) REFERENCES `studying_work_type` (`id`)
) ENGINE=InnoDB AUTO_INCREMENT=101 DEFAULT CHARSET=utf8;
/*!40101 SET character_set_client = @saved_cs_client */;

--
-- Dumping data for table `plan`
--

LOCK TABLES `plan` WRITE;
/*!40000 ALTER TABLE `plan` DISABLE KEYS */;
INSERT INTO `plan` VALUES (1,5,11,2,1,3,2021,704),(2,5,4,3,2,2,2021,1452),(3,8,14,1,2,1,2021,1236),(4,6,2,2,1,1,2021,628),(5,5,11,3,2,4,2021,904),(6,6,15,2,1,4,2021,620),(7,6,17,5,2,5,2021,504),(8,1,8,5,2,1,2021,1184),(9,3,9,3,1,4,2021,632),(10,7,1,3,2,2,2021,1412),(11,6,11,2,1,3,2021,624),(12,6,8,1,2,3,2021,100),(13,5,11,3,1,3,2021,1272),(14,2,10,2,1,1,2021,1256),(15,4,13,3,2,5,2021,232),(16,8,5,3,1,5,2021,1044),(17,7,7,2,1,5,2021,52),(18,5,9,1,1,2,2021,816),(19,4,6,4,1,4,2021,1140),(20,7,11,5,2,4,2021,1224),(21,4,3,2,1,4,2021,1092),(22,5,17,1,1,1,2021,1244),(23,7,13,1,2,5,2021,292),(24,4,9,1,1,2,2021,84),(25,6,1,2,1,1,2021,1304),(26,8,1,3,1,3,2021,212),(27,1,16,2,1,5,2021,948),(28,4,8,5,1,3,2021,1172),(29,2,12,4,2,1,2021,1312),(30,7,11,4,2,2,2021,740),(31,4,10,3,1,3,2021,752),(32,7,14,2,1,1,2021,296),(33,6,12,2,2,3,2021,288),(34,5,4,3,2,2,2021,1312),(35,4,1,4,1,3,2021,804),(36,7,13,1,2,2,2021,844),(37,8,4,1,2,5,2021,248),(38,8,8,2,2,4,2021,1048),(39,3,11,1,2,2,2021,540),(40,5,14,2,2,5,2021,0),(41,1,8,5,1,3,2021,1348),(42,7,14,3,2,1,2021,948),(43,7,5,5,1,2,2021,704),(44,3,4,1,2,2,2021,144),(45,3,4,1,1,4,2021,1100),(46,4,15,1,1,1,2021,180),(47,5,6,1,2,2,2021,1528),(48,7,7,3,2,2,2021,1344),(49,2,12,4,2,2,2021,960),(50,8,15,3,1,2,2021,1484),(51,7,3,2,1,5,2021,1432),(52,1,11,5,1,5,2021,1576),(53,1,4,5,2,1,2021,396),(54,2,3,2,2,4,2021,160),(55,2,10,2,1,1,2021,268),(56,6,1,1,1,5,2021,1520),(57,8,1,1,2,5,2021,1236),(58,2,11,4,1,1,2021,1180),(59,5,7,2,1,4,2021,796),(60,4,12,1,2,5,2021,788),(61,7,6,2,2,3,2021,872),(62,3,1,2,2,1,2021,1312),(63,6,16,4,1,1,2021,1020),(64,6,5,3,1,3,2021,716),(65,6,5,1,2,2,2021,868),(66,6,14,4,2,5,2021,1392),(67,4,9,2,2,1,2021,268),(68,5,4,3,2,5,2021,1096),(69,7,2,5,2,4,2021,1168),(70,6,7,4,2,4,2021,1576),(71,6,6,4,1,5,2021,1016),(72,3,8,3,2,1,2021,944),(73,7,6,2,1,3,2021,944),(74,3,17,4,2,1,2021,696),(75,8,11,1,1,5,2021,124),(76,7,16,1,1,4,2021,1108),(77,2,11,4,2,3,2021,40),(78,7,17,3,2,1,2021,1444),(79,4,10,3,2,4,2021,1116),(80,5,13,5,2,2,2021,1128),(81,5,10,2,1,2,2021,1124),(82,3,12,2,1,4,2021,1484),(83,3,15,2,2,4,2021,124),(84,5,8,4,2,2,2021,364),(85,1,11,5,1,5,2021,492),(86,1,12,5,2,2,2021,52),(87,1,17,5,1,3,2021,1348),(88,7,6,2,1,2,2021,1000),(89,8,15,3,1,1,2021,400),(90,7,10,2,1,4,2021,1064),(91,5,9,1,2,3,2021,496),(92,1,6,2,1,5,2021,884),(93,1,7,4,2,1,2021,1288),(94,6,4,5,2,1,2021,572),(95,2,1,2,2,3,2021,972),(96,5,3,1,2,5,2021,1080),(97,8,11,2,2,3,2021,632),(98,5,7,2,1,2,2021,836),(99,8,4,1,2,2,2021,1192),(100,5,14,2,2,3,2021,1064);
/*!40000 ALTER TABLE `plan` ENABLE KEYS */;
UNLOCK TABLES;

--
-- Table structure for table `plan_study_control`
--

DROP TABLE IF EXISTS `plan_study_control`;
/*!40101 SET @saved_cs_client     = @@character_set_client */;
/*!50503 SET character_set_client = utf8mb4 */;
CREATE TABLE `plan_study_control` (
  `id` int NOT NULL AUTO_INCREMENT,
  `study_control_type_id` int NOT NULL,
  `plan_id` int NOT NULL,
  PRIMARY KEY (`id`),
  KEY `fk_plan_study_control_study_control_type1_idx` (`study_control_type_id`),
  KEY `fk_plan_study_control_plan1_idx` (`plan_id`),
  CONSTRAINT `fk_plan_study_control_plan1` FOREIGN KEY (`plan_id`) REFERENCES `plan` (`id`),
  CONSTRAINT `fk_plan_study_control_study_control_type1` FOREIGN KEY (`study_control_type_id`) REFERENCES `study_control_type` (`id`)
) ENGINE=InnoDB AUTO_INCREMENT=32 DEFAULT CHARSET=utf8;
/*!40101 SET character_set_client = @saved_cs_client */;

--
-- Dumping data for table `plan_study_control`
--

LOCK TABLES `plan_study_control` WRITE;
/*!40000 ALTER TABLE `plan_study_control` DISABLE KEYS */;
INSERT INTO `plan_study_control` VALUES (1,4,3),(2,4,4),(3,5,8),(4,4,14),(5,5,22),(6,4,25),(7,5,29),(8,5,32),(9,5,42),(10,4,46),(11,4,53),(12,5,55),(13,4,58),(14,4,62),(15,4,63),(16,4,67),(17,4,72),(18,4,74),(19,5,78),(20,4,89),(21,5,93),(22,5,94);
/*!40000 ALTER TABLE `plan_study_control` ENABLE KEYS */;
UNLOCK TABLES;

--
-- Table structure for table `sci_title`
--

DROP TABLE IF EXISTS `sci_title`;
/*!40101 SET @saved_cs_client     = @@character_set_client */;
/*!50503 SET character_set_client = utf8mb4 */;
CREATE TABLE `sci_title` (
  `id` int NOT NULL AUTO_INCREMENT,
  `name` varchar(45) NOT NULL,
  `rank` int NOT NULL,
  PRIMARY KEY (`id`),
  UNIQUE KEY `name_UNIQUE` (`name`)
) ENGINE=InnoDB AUTO_INCREMENT=5 DEFAULT CHARSET=utf8;
/*!40101 SET character_set_client = @saved_cs_client */;

--
-- Dumping data for table `sci_title`
--

LOCK TABLES `sci_title` WRITE;
/*!40000 ALTER TABLE `sci_title` DISABLE KEYS */;
INSERT INTO `sci_title` VALUES (1,'Бакалавр',0),(2,'Магістр',1),(3,'Кандидат',2),(4,'Доктор',3);
/*!40000 ALTER TABLE `sci_title` ENABLE KEYS */;
UNLOCK TABLES;

--
-- Table structure for table `speciality`
--

DROP TABLE IF EXISTS `speciality`;
/*!40101 SET @saved_cs_client     = @@character_set_client */;
/*!50503 SET character_set_client = utf8mb4 */;
CREATE TABLE `speciality` (
  `id` int NOT NULL AUTO_INCREMENT,
  `faculty_id` int NOT NULL,
  `name` varchar(128) NOT NULL,
  `signature` varchar(45) NOT NULL,
  PRIMARY KEY (`id`),
  UNIQUE KEY `name_UNIQUE` (`name`),
  UNIQUE KEY `signature_UNIQUE` (`signature`),
  KEY `fk_speciality_faculty1_idx` (`faculty_id`),
  CONSTRAINT `fk_speciality_faculty1` FOREIGN KEY (`faculty_id`) REFERENCES `faculty` (`id`)
) ENGINE=InnoDB AUTO_INCREMENT=9 DEFAULT CHARSET=utf8;
/*!40101 SET character_set_client = @saved_cs_client */;

--
-- Dumping data for table `speciality`
--

LOCK TABLES `speciality` WRITE;
/*!40000 ALTER TABLE `speciality` DISABLE KEYS */;
INSERT INTO `speciality` VALUES (1,1,'Хімік-аналітик','ХА'),(2,1,'Хімік-паралітік','ХП'),(3,2,'Фізик-ядерник','ФЯ'),(4,2,'Радіофізик','ФР'),(5,3,'Біолог-грибознавець','БГ'),(6,3,'Біолог-вірусолог','БВ'),(7,4,'Математик-арифметик','МА'),(8,4,'Математик-геометр','МГ');
/*!40000 ALTER TABLE `speciality` ENABLE KEYS */;
UNLOCK TABLES;

--
-- Table structure for table `student`
--

DROP TABLE IF EXISTS `student`;
/*!40101 SET @saved_cs_client     = @@character_set_client */;
/*!50503 SET character_set_client = utf8mb4 */;
CREATE TABLE `student` (
  `id` int NOT NULL AUTO_INCREMENT,
  `student_group_id` int NOT NULL,
  `person_id` int NOT NULL,
  `scholarship` decimal(10,2) NOT NULL DEFAULT '0.00',
  PRIMARY KEY (`id`),
  KEY `fk_student_student_group1_idx` (`student_group_id`),
  KEY `fk_student_person1_idx` (`person_id`),
  CONSTRAINT `fk_student_person1` FOREIGN KEY (`person_id`) REFERENCES `person` (`id`),
  CONSTRAINT `fk_student_student_group1` FOREIGN KEY (`student_group_id`) REFERENCES `student_group` (`id`)
) ENGINE=InnoDB AUTO_INCREMENT=1181 DEFAULT CHARSET=utf8;
/*!40101 SET character_set_client = @saved_cs_client */;

--
-- Dumping data for table `student`
--

LOCK TABLES `student` WRITE;
/*!40000 ALTER TABLE `student` DISABLE KEYS */;
INSERT INTO `student` VALUES (158,7,247,0.00),(159,10,248,0.00),(160,9,249,0.00),(161,7,250,1487.77),(162,2,252,931.49),(163,10,255,1349.32),(164,8,256,795.20),(165,7,257,1184.71),(166,10,258,0.00),(167,10,259,522.06),(168,4,260,1493.13),(169,2,261,1355.00),(170,8,263,1085.40),(171,9,264,0.00),(172,1,265,0.00),(173,8,267,1146.68),(174,7,269,0.00),(175,2,270,0.00),(176,2,271,698.59),(177,2,272,0.00),(178,5,274,0.00),(179,6,276,1400.44),(180,6,278,1403.98),(181,6,280,506.92),(182,4,281,0.00),(183,6,282,0.00),(184,11,284,0.00),(185,10,285,0.00),(186,8,286,0.00),(187,1,287,0.00),(188,10,288,1388.95),(189,4,290,0.00),(190,10,292,0.00),(191,1,294,0.00),(192,3,295,1305.49),(193,6,296,0.00),(194,11,297,941.05),(195,3,298,1033.02),(196,9,299,0.00),(197,5,301,775.14),(198,4,302,711.55),(199,6,303,0.00),(200,5,304,1398.34),(201,7,306,0.00),(202,9,307,0.00),(203,10,308,0.00),(204,2,309,0.00),(205,4,310,0.00),(206,1,311,1483.11),(207,5,312,0.00),(208,11,313,0.00),(209,5,316,0.00),(210,5,317,998.20),(211,3,318,0.00),(212,2,319,1002.39),(213,9,321,0.00),(214,7,322,1492.17),(215,2,323,585.92),(216,4,325,0.00),(217,2,326,949.62),(218,6,327,0.00),(219,4,330,1181.45),(220,2,331,513.68),(221,11,332,1195.17),(222,8,333,0.00),(223,6,335,1271.02),(224,11,337,0.00),(225,4,339,0.00),(226,11,340,0.00),(227,10,341,846.86),(228,4,342,1093.64),(229,6,344,0.00),(230,2,345,0.00),(231,3,347,0.00),(232,7,349,0.00),(233,8,350,0.00),(234,3,351,833.85),(235,9,352,0.00),(236,1,354,816.31),(237,6,355,1080.58),(238,1,356,0.00),(239,4,359,1342.48),(240,4,360,1423.67),(241,9,361,646.79),(242,2,362,0.00),(243,4,363,0.00),(244,7,365,735.03),(245,10,366,0.00),(246,3,367,0.00),(247,8,368,937.93),(248,2,372,0.00),(249,7,373,0.00),(250,3,374,1222.65),(251,7,375,588.93),(252,2,378,0.00),(253,9,379,0.00),(254,5,380,0.00),(255,2,381,763.45),(256,5,383,0.00),(257,3,384,0.00),(258,4,385,0.00),(259,6,387,0.00),(260,9,388,0.00),(261,10,391,734.94),(262,3,392,573.98),(263,8,393,0.00),(264,6,394,1490.16),(265,3,395,0.00),(266,3,396,0.00),(267,3,397,0.00),(268,2,399,0.00),(269,6,400,871.20),(270,11,401,1173.13),(271,3,402,0.00),(272,10,403,566.02),(273,2,406,1425.08),(274,7,407,724.36),(275,3,408,0.00),(276,11,409,1178.96),(277,4,410,580.25),(278,7,411,588.53),(279,9,412,1415.30),(280,7,413,0.00),(281,2,415,0.00),(282,1,416,0.00),(283,11,417,1273.78),(284,8,418,0.00),(285,8,419,1422.46),(286,9,421,0.00),(287,1,422,0.00),(288,1,425,1266.33),(289,5,426,1400.22),(290,11,428,0.00),(291,10,429,0.00),(292,5,430,851.10),(293,3,431,577.45),(294,7,432,1216.20),(295,6,433,0.00),(296,1,434,0.00),(297,10,437,0.00),(298,1,438,544.39),(299,8,439,0.00),(300,11,440,0.00),(301,11,441,0.00),(302,8,443,796.60),(303,11,444,1125.32),(304,2,445,517.42),(305,1,447,0.00),(306,6,448,856.88),(307,10,449,0.00),(308,1,452,539.62),(309,8,455,854.16),(310,3,457,0.00),(311,8,459,983.16),(312,3,460,1049.96),(313,2,461,0.00),(314,6,462,756.56),(315,11,463,0.00),(316,8,465,0.00),(317,9,466,0.00),(318,10,467,929.07),(319,9,468,855.51),(320,3,470,1356.36),(321,7,471,1410.12),(322,10,472,1187.99),(323,5,474,0.00),(324,10,475,1206.76),(325,11,476,1458.26),(326,5,477,0.00),(327,9,478,892.71),(328,3,479,1302.09),(329,4,480,0.00),(330,10,481,966.60),(331,6,482,0.00),(332,2,483,0.00),(333,7,484,0.00),(334,10,485,0.00),(335,1,486,1038.93),(336,10,487,1169.90),(337,5,488,0.00),(338,1,489,0.00),(339,9,490,0.00),(340,3,491,0.00),(341,5,492,827.14),(342,1,494,0.00),(343,6,495,890.09),(344,3,496,644.40),(345,10,497,519.79),(346,11,498,1184.27),(347,7,499,0.00),(348,1,501,0.00),(349,3,502,831.70),(350,3,505,0.00),(351,4,506,1440.76),(352,9,507,0.00),(353,10,508,0.00),(354,10,509,807.75),(355,9,510,852.22),(356,11,512,1368.11),(357,1,514,1438.97),(358,2,515,0.00),(359,4,516,0.00),(360,7,517,0.00),(361,7,518,721.96),(362,9,519,0.00),(363,8,520,0.00),(364,1,521,0.00),(365,8,522,1417.82),(366,10,524,858.73),(367,1,525,1417.29),(368,7,526,0.00),(369,7,527,543.03),(370,11,528,1106.70),(371,11,531,874.50),(372,5,532,1079.18),(373,8,533,723.20),(374,2,534,0.00),(375,8,536,900.84),(376,11,537,685.54),(377,1,538,520.66),(378,6,539,1142.79),(379,3,540,0.00),(380,4,541,0.00),(381,10,542,656.16),(382,6,543,851.97),(383,10,544,0.00),(384,9,545,0.00),(385,11,546,1086.86),(386,5,547,0.00),(387,4,548,1421.75),(388,10,549,980.97),(389,6,550,0.00),(390,3,551,0.00),(391,3,552,0.00),(392,7,553,0.00),(393,11,554,920.65),(394,1,555,0.00),(395,7,556,612.87),(396,9,557,983.48),(397,8,558,0.00),(398,8,559,0.00),(399,6,560,0.00),(400,11,561,0.00),(401,3,562,0.00),(402,6,563,0.00),(403,7,564,1444.93),(404,11,566,1361.13),(405,6,567,877.43),(406,7,568,1443.57),(407,10,569,0.00),(408,5,570,0.00),(409,5,571,1286.20),(410,2,573,0.00),(411,3,574,0.00),(412,3,575,0.00),(413,11,578,0.00),(414,3,580,0.00),(415,1,582,1336.99),(416,4,586,1073.23),(417,3,588,0.00),(418,2,590,816.62),(419,9,591,811.87),(420,6,593,0.00),(421,11,595,0.00),(422,9,598,747.96),(423,6,601,762.19),(424,1,602,0.00),(425,11,605,866.49),(426,4,606,1243.73),(427,1,607,0.00),(428,6,612,669.56),(429,7,613,780.74),(430,6,614,1380.87),(431,5,615,0.00),(432,10,616,861.17),(433,1,617,0.00),(434,9,618,0.00),(435,7,619,0.00),(436,6,621,0.00),(437,10,623,0.00),(438,10,624,0.00),(439,9,627,939.61),(440,5,628,937.16),(441,8,629,0.00),(442,6,632,977.24),(443,6,633,884.49),(444,1,634,1373.58),(445,5,635,0.00),(446,6,636,0.00),(447,10,637,1387.17),(448,9,638,0.00),(449,3,639,1310.23),(450,10,640,0.00),(451,10,642,1468.40),(452,4,643,1487.19),(453,3,644,0.00),(454,10,646,1131.47),(455,7,647,0.00),(456,2,649,0.00),(457,7,653,729.82),(458,2,654,0.00),(459,3,655,1425.89),(460,6,656,1489.18),(461,10,657,0.00),(462,8,659,617.80),(463,2,660,0.00),(464,6,662,0.00),(465,9,663,0.00),(466,1,664,1037.77),(467,5,665,810.00),(468,11,666,0.00),(469,3,667,0.00),(470,1,668,0.00),(471,3,670,0.00),(472,3,671,0.00),(473,3,672,0.00),(474,8,673,0.00),(475,8,674,0.00),(476,5,676,0.00),(477,3,677,1437.64),(478,10,678,784.46),(479,8,679,0.00),(480,9,680,0.00),(481,10,681,649.46),(482,2,682,0.00),(483,2,684,0.00),(484,9,685,1268.18),(485,4,686,0.00),(486,1,687,845.81),(487,8,688,0.00),(488,11,689,1008.81),(489,10,690,1469.34),(490,9,694,1309.62),(491,7,695,1097.66),(492,10,696,1453.05),(493,7,697,607.17),(494,8,698,1341.47),(495,4,699,0.00),(496,10,700,0.00),(497,6,701,1071.79),(498,5,702,836.23),(499,1,703,0.00),(500,4,704,0.00),(501,2,706,1479.95),(502,10,707,0.00),(503,4,708,1104.33),(504,6,709,1037.36),(505,10,711,1172.25),(506,9,713,771.24),(507,3,714,0.00),(508,4,715,0.00),(509,5,717,773.46),(510,9,718,0.00),(511,8,719,0.00),(512,6,720,0.00),(513,4,721,1256.71),(514,2,723,670.17),(515,3,725,682.63),(516,6,726,0.00),(517,8,727,0.00),(518,2,728,1215.06),(519,1,729,0.00),(520,7,731,820.92),(521,2,733,837.14),(522,5,734,0.00),(523,2,735,894.73),(524,1,738,810.87),(525,11,739,711.46),(526,7,740,0.00),(527,3,741,0.00),(528,11,743,656.25),(529,10,744,836.62),(530,4,745,1210.74),(531,4,746,0.00),(532,10,747,0.00),(533,2,748,0.00),(534,9,751,0.00),(535,2,754,1165.90),(536,7,756,727.63),(537,9,757,0.00),(538,2,759,0.00),(539,3,760,0.00),(540,4,761,0.00),(541,4,762,0.00),(542,2,764,0.00),(543,5,766,1319.42),(544,8,767,1348.37),(545,4,768,1245.07),(546,11,774,1199.31),(547,11,775,1327.92),(548,10,776,0.00),(549,9,777,1346.38),(550,5,778,0.00),(551,6,780,0.00),(552,9,781,0.00),(553,1,782,1069.65),(554,4,783,573.73),(555,11,785,1017.84),(556,6,787,936.87),(557,3,788,1467.99),(558,8,789,1143.78),(559,7,790,0.00),(560,9,792,1438.10),(561,9,793,0.00),(562,6,795,1356.03),(563,9,796,0.00),(564,6,797,0.00),(565,3,798,1461.01),(566,7,799,0.00),(567,4,804,1342.55),(568,6,806,1062.17),(569,5,807,724.62),(570,7,809,0.00),(571,1,814,741.85),(572,3,815,1481.74),(573,3,817,0.00),(574,11,818,723.37),(575,7,820,1123.35),(576,7,822,0.00),(577,9,824,616.78),(578,1,825,1248.11),(579,9,826,1195.98),(580,8,828,0.00),(581,6,832,1027.87),(582,8,833,796.72),(583,6,834,985.27),(584,11,835,0.00),(585,1,838,1208.14),(586,3,839,0.00),(587,7,840,568.83),(588,8,841,0.00),(589,4,842,1049.69),(590,2,844,1499.95),(591,5,845,0.00),(592,6,846,0.00),(593,4,848,0.00),(594,9,849,1392.64),(595,6,851,683.01),(596,9,852,0.00),(597,3,853,725.31),(598,4,855,0.00),(599,11,856,0.00),(600,7,857,962.33),(601,9,858,0.00),(602,5,859,0.00),(603,6,860,1024.58),(604,4,861,761.02),(605,10,862,0.00),(606,3,864,0.00),(607,11,865,1303.12),(608,5,866,884.65),(609,8,870,0.00),(610,1,871,0.00),(611,7,874,0.00),(612,11,875,1389.02),(613,9,876,0.00),(614,7,878,689.42),(615,3,879,0.00),(616,3,881,1431.03),(617,10,882,1391.79),(618,4,883,705.16),(619,7,885,0.00),(620,1,886,0.00),(621,3,887,0.00),(622,10,889,919.36),(623,5,891,1362.33),(624,6,892,0.00),(625,2,893,1299.51),(626,5,896,545.62),(627,3,897,0.00),(628,9,898,1283.66),(629,5,899,500.31),(630,1,900,0.00),(631,1,903,736.35),(632,2,904,1037.65),(633,8,905,1130.92),(634,4,906,1456.64),(635,1,907,996.79),(636,10,911,1413.59),(637,6,912,1174.09),(638,10,913,0.00),(639,10,914,0.00),(640,8,916,1077.20),(641,8,917,612.20),(642,8,918,0.00),(643,8,919,0.00),(644,8,920,0.00),(645,8,921,0.00),(646,2,922,712.20),(647,11,923,0.00),(648,6,924,706.44),(649,5,925,0.00),(650,1,926,0.00),(651,7,928,1468.94),(652,7,930,0.00),(653,9,931,0.00),(654,6,932,1476.36),(655,9,933,710.07),(656,4,935,0.00),(657,11,937,0.00),(658,2,938,0.00),(659,5,939,0.00),(660,9,940,886.32),(661,9,941,0.00),(662,7,942,0.00),(663,9,943,0.00),(664,5,945,1141.87),(665,4,947,504.68),(666,4,948,0.00),(667,2,950,0.00),(668,1,951,722.02),(669,7,953,0.00),(670,10,954,1230.94),(671,9,955,792.82),(672,11,956,1189.95),(673,8,958,0.00),(674,11,960,0.00),(675,6,962,632.89),(676,10,963,618.61),(677,5,964,1400.31),(678,11,966,0.00),(679,8,967,1013.11),(680,10,969,1333.90),(681,2,970,0.00),(682,6,971,650.55),(683,11,972,0.00),(684,4,973,983.11),(685,9,974,675.97),(686,4,975,0.00),(687,6,976,1475.55),(688,4,978,623.97),(689,2,979,0.00),(690,4,980,1338.11),(691,4,981,961.50),(692,9,982,0.00),(693,7,983,1288.81),(694,4,984,0.00),(695,3,985,0.00),(696,7,986,544.43),(697,4,987,0.00),(698,4,988,1056.26),(699,3,989,0.00),(700,6,990,0.00),(701,5,991,0.00),(702,8,992,907.33),(703,6,993,0.00),(704,7,994,1431.82),(705,10,995,0.00),(706,8,996,882.15),(707,4,997,0.00),(708,5,998,1326.89),(709,9,1000,0.00),(710,1,1001,0.00),(711,11,1002,0.00),(712,11,1003,0.00),(713,6,1004,0.00),(714,7,1005,0.00),(715,6,1006,913.59),(716,4,1009,0.00),(717,2,1010,0.00),(718,10,1011,1120.38),(719,2,1014,1273.76),(720,1,1015,650.69),(721,3,1016,663.41),(722,2,1017,0.00),(723,2,1020,1407.56),(724,7,1021,0.00),(725,5,1022,0.00),(726,9,1023,0.00),(727,1,1024,1412.34),(728,9,1025,0.00),(729,1,1027,0.00),(730,10,1028,0.00),(731,11,1029,0.00),(732,8,1031,698.74),(733,11,1033,0.00),(734,3,1035,1137.68),(735,7,1037,0.00),(736,5,1038,0.00),(737,10,1039,0.00),(738,1,1040,0.00),(739,10,1041,0.00),(740,4,1042,0.00),(741,4,1043,954.97),(742,8,1044,1251.97),(743,11,1048,0.00),(744,5,1049,0.00),(745,9,1050,0.00),(746,4,1051,1244.83),(747,10,1052,0.00),(748,11,1053,0.00),(749,10,1054,754.63),(750,11,1055,1115.50),(751,5,1056,0.00),(752,10,1057,0.00),(753,1,1058,0.00),(754,6,1059,1180.88),(755,6,1061,1133.10),(756,3,1063,0.00),(757,9,1064,0.00),(758,2,1065,0.00),(759,10,1066,0.00),(760,11,1067,885.44),(761,11,1068,1366.46),(762,8,1069,0.00),(763,6,1070,878.79),(764,7,1072,1241.95),(765,8,1073,0.00),(766,7,1074,757.62),(767,6,1075,636.47),(768,3,1076,1461.83),(769,4,1077,761.58),(770,5,1078,0.00),(771,1,1079,1009.25),(772,10,1080,1396.86),(773,9,1081,0.00),(774,10,1082,0.00),(775,9,1083,885.27),(776,8,1084,0.00),(777,10,1085,1141.64),(778,8,1086,1216.21),(779,10,1087,0.00),(780,10,1088,0.00),(781,1,1090,1241.37),(782,5,1091,661.44),(783,2,1092,0.00),(784,8,1094,998.36),(785,5,1096,0.00),(786,1,1097,0.00),(787,4,1098,749.97),(788,9,1099,890.25),(789,3,1100,970.34),(790,11,1101,0.00),(791,11,1102,0.00),(792,5,1104,0.00),(793,9,1105,1072.07),(794,2,1106,1244.50),(795,4,1107,0.00),(796,11,1108,542.63),(797,5,1109,824.29),(798,10,1111,0.00),(799,6,1112,0.00),(800,11,1113,0.00),(801,2,1116,1209.91),(802,2,1119,0.00),(803,4,1120,0.00),(804,4,1121,0.00),(805,7,1122,0.00),(806,6,1123,1031.64),(807,10,1125,1325.63),(808,5,1127,1195.92),(809,8,1128,881.70),(810,5,1129,1246.16),(811,5,1130,886.90),(812,9,1131,1305.77),(813,6,1132,0.00),(814,9,1134,993.54),(815,3,1135,561.40),(816,8,1136,0.00),(817,11,1137,769.67),(818,11,1138,1235.68),(819,11,1139,0.00),(820,5,1141,0.00),(821,6,1142,1361.93),(822,3,1143,1016.71),(823,7,1144,564.46),(824,7,1145,705.86),(825,4,1146,1228.13),(826,10,1148,0.00),(827,4,1149,1232.60),(828,1,1150,0.00),(829,6,1152,763.02),(830,5,1153,0.00),(831,7,1154,548.31),(832,4,1155,0.00),(833,1,1156,0.00),(834,8,1157,1029.31),(835,10,1158,545.06),(836,1,1159,0.00),(837,4,1160,1343.84),(838,7,1161,0.00),(839,2,1164,667.40),(840,7,1165,558.74),(841,7,1166,679.70),(842,3,1167,0.00),(843,6,1168,0.00),(844,2,1169,1270.24),(845,4,1170,0.00),(846,3,1174,623.83),(847,11,1176,608.09),(848,8,1177,0.00),(849,4,1178,892.06),(850,11,1179,659.85),(851,11,1180,0.00),(852,8,1181,0.00),(853,4,1182,799.80),(854,1,1183,0.00),(855,5,1186,611.19),(856,7,1187,1400.43),(857,11,1188,532.15),(858,3,1189,0.00),(859,8,1190,1440.45),(860,11,1192,712.91),(861,8,1193,1141.07),(862,1,1194,0.00),(863,4,1196,0.00),(864,9,1198,1127.38),(865,2,1199,1436.84),(866,1,1200,0.00),(867,9,1202,821.83),(868,6,1203,0.00),(869,6,1205,882.12),(870,11,1206,533.23),(871,5,1207,0.00),(872,4,1208,0.00),(873,8,1210,0.00),(874,10,1212,803.00),(875,2,1213,615.99),(876,6,1215,0.00),(877,2,1217,0.00),(878,5,1218,1340.13),(879,9,1219,0.00),(880,9,1220,1218.93),(881,8,1222,0.00),(882,8,1223,1403.33),(883,8,1224,660.00),(884,10,1225,0.00),(885,11,1226,968.66),(886,4,1227,0.00),(887,11,1229,0.00),(888,1,1231,794.27),(889,9,1232,601.84),(890,10,1234,0.00),(891,6,1236,890.36),(892,8,1239,0.00),(893,5,1240,505.91),(894,5,1241,0.00),(895,5,1242,0.00),(896,5,1244,726.35),(897,7,1245,0.00),(898,7,1246,0.00);
/*!40000 ALTER TABLE `student` ENABLE KEYS */;
UNLOCK TABLES;

--
-- Table structure for table `student_group`
--

DROP TABLE IF EXISTS `student_group`;
/*!40101 SET @saved_cs_client     = @@character_set_client */;
/*!50503 SET character_set_client = utf8mb4 */;
CREATE TABLE `student_group` (
  `id` int NOT NULL AUTO_INCREMENT,
  `speciality_id` int NOT NULL,
  `form_year` int NOT NULL,
  PRIMARY KEY (`id`),
  KEY `fk_student_group_speciality1_idx` (`speciality_id`),
  CONSTRAINT `fk_student_group_speciality1` FOREIGN KEY (`speciality_id`) REFERENCES `speciality` (`id`)
) ENGINE=InnoDB AUTO_INCREMENT=13 DEFAULT CHARSET=utf8;
/*!40101 SET character_set_client = @saved_cs_client */;

--
-- Dumping data for table `student_group`
--

LOCK TABLES `student_group` WRITE;
/*!40000 ALTER TABLE `student_group` DISABLE KEYS */;
INSERT INTO `student_group` VALUES (1,1,2017),(2,1,2018),(3,2,2019),(4,2,2019),(5,3,2018),(6,3,2020),(7,4,2019),(8,4,2018),(9,5,2017),(10,6,2018),(11,7,2019),(12,8,2021);
/*!40000 ALTER TABLE `student_group` ENABLE KEYS */;
UNLOCK TABLES;

--
-- Table structure for table `student_study_plan_control_result`
--

DROP TABLE IF EXISTS `student_study_plan_control_result`;
/*!40101 SET @saved_cs_client     = @@character_set_client */;
/*!50503 SET character_set_client = utf8mb4 */;
CREATE TABLE `student_study_plan_control_result` (
  `id` int NOT NULL AUTO_INCREMENT,
  `student_id` int NOT NULL,
  `cathedra_teacher_id` int NOT NULL,
  `plan_study_control_id` int NOT NULL,
  `score` int NOT NULL,
  PRIMARY KEY (`id`),
  KEY `fk_stident_study_plan_control_result_student1_idx` (`student_id`),
  KEY `fk_stident_study_plan_control_result_cathedra_teachers1_idx` (`cathedra_teacher_id`),
  KEY `fk_stident_study_plan_control_result_plan_study_control1_idx` (`plan_study_control_id`),
  CONSTRAINT `fk_stident_study_plan_control_result_cathedra_teachers1` FOREIGN KEY (`cathedra_teacher_id`) REFERENCES `cathedra_teacher` (`id`),
  CONSTRAINT `fk_stident_study_plan_control_result_plan_study_control1` FOREIGN KEY (`plan_study_control_id`) REFERENCES `plan_study_control` (`id`),
  CONSTRAINT `fk_stident_study_plan_control_result_student1` FOREIGN KEY (`student_id`) REFERENCES `student` (`id`)
) ENGINE=InnoDB AUTO_INCREMENT=2047 DEFAULT CHARSET=utf8;
/*!40101 SET character_set_client = @saved_cs_client */;

--
-- Dumping data for table `student_study_plan_control_result`
--

LOCK TABLES `student_study_plan_control_result` WRITE;
/*!40000 ALTER TABLE `student_study_plan_control_result` DISABLE KEYS */;
INSERT INTO `student_study_plan_control_result` VALUES (1024,172,130,21,5),(1025,187,130,21,4),(1026,191,130,21,2),(1027,206,130,21,3),(1028,236,130,21,2),(1029,238,130,21,2),(1030,282,130,21,3),(1031,287,130,21,2),(1032,288,130,21,2),(1033,296,130,21,4),(1034,298,130,21,3),(1035,305,130,21,5),(1036,308,130,21,3),(1037,335,130,21,5),(1038,338,130,21,2),(1039,342,130,21,5),(1040,348,130,21,5),(1041,357,130,21,5),(1042,364,130,21,2),(1043,367,130,21,5),(1044,377,130,21,4),(1045,394,130,21,4),(1046,415,130,21,2),(1047,424,130,21,2),(1048,427,130,21,4),(1049,433,130,21,2),(1050,444,130,21,3),(1051,466,130,21,2),(1052,470,130,21,2),(1053,486,130,21,3),(1054,499,130,21,4),(1055,519,130,21,5),(1056,524,130,21,4),(1057,553,130,21,5),(1058,571,130,21,3),(1059,578,130,21,3),(1060,585,130,21,3),(1061,610,130,21,2),(1062,620,130,21,3),(1063,630,130,21,5),(1064,631,130,21,4),(1065,635,130,21,3),(1066,650,130,21,2),(1067,668,130,21,2),(1068,710,130,21,4),(1069,720,130,21,3),(1070,727,130,21,5),(1071,729,130,21,4),(1072,738,130,21,5),(1073,753,130,21,3),(1074,771,130,21,5),(1075,781,130,21,4),(1076,786,130,21,4),(1077,828,130,21,2),(1078,833,130,21,5),(1079,836,130,21,3),(1080,854,130,21,4),(1081,862,130,21,2),(1082,866,130,21,4),(1083,888,130,21,2),(1084,192,135,4,2),(1085,195,135,4,4),(1086,211,135,4,3),(1087,231,135,4,2),(1088,234,135,4,2),(1089,246,135,4,4),(1090,250,135,4,3),(1091,257,135,4,3),(1092,262,135,4,5),(1093,265,135,4,4),(1094,266,135,4,2),(1095,267,135,4,2),(1096,271,135,4,3),(1097,275,135,4,5),(1098,293,135,4,4),(1099,310,135,4,4),(1100,312,135,4,2),(1101,320,135,4,2),(1102,328,135,4,4),(1103,340,135,4,2),(1104,344,135,4,4),(1105,349,135,4,5),(1106,350,135,4,2),(1107,379,135,4,5),(1108,390,135,4,4),(1109,391,135,4,3),(1110,401,135,4,3),(1111,411,135,4,2),(1112,412,135,4,3),(1113,414,135,4,4),(1114,417,135,4,3),(1115,449,135,4,5),(1116,453,135,4,2),(1117,459,135,4,4),(1118,469,135,4,2),(1119,471,135,4,4),(1120,472,135,4,2),(1121,473,135,4,3),(1122,477,135,4,3),(1123,507,135,4,3),(1124,515,135,4,2),(1125,527,135,4,3),(1126,539,135,4,4),(1127,557,135,4,2),(1128,565,135,4,5),(1129,572,135,4,3),(1130,573,135,4,4),(1131,586,135,4,2),(1132,597,135,4,5),(1133,606,135,4,2),(1134,615,135,4,5),(1135,616,135,4,4),(1136,621,135,4,4),(1137,627,135,4,3),(1138,695,135,4,2),(1139,699,135,4,3),(1140,721,135,4,3),(1141,734,135,4,5),(1142,756,135,4,4),(1143,768,135,4,2),(1144,789,135,4,4),(1145,815,135,4,3),(1146,822,135,4,2),(1147,842,135,4,5),(1148,846,135,4,2),(1149,858,135,4,3),(1150,192,135,12,3),(1151,195,135,12,2),(1152,211,135,12,2),(1153,231,135,12,2),(1154,234,135,12,5),(1155,246,135,12,2),(1156,250,135,12,5),(1157,257,135,12,4),(1158,262,135,12,2),(1159,265,135,12,5),(1160,266,135,12,5),(1161,267,135,12,2),(1162,271,135,12,5),(1163,275,135,12,3),(1164,293,135,12,5),(1165,310,135,12,5),(1166,312,135,12,3),(1167,320,135,12,4),(1168,328,135,12,4),(1169,340,135,12,2),(1170,344,135,12,5),(1171,349,135,12,3),(1172,350,135,12,4),(1173,379,135,12,2),(1174,390,135,12,3),(1175,391,135,12,3),(1176,401,135,12,4),(1177,411,135,12,2),(1178,412,135,12,3),(1179,414,135,12,2),(1180,417,135,12,3),(1181,449,135,12,3),(1182,453,135,12,3),(1183,459,135,12,5),(1184,469,135,12,3),(1185,471,135,12,3),(1186,472,135,12,4),(1187,473,135,12,3),(1188,477,135,12,3),(1189,507,135,12,4),(1190,515,135,12,5),(1191,527,135,12,3),(1192,539,135,12,4),(1193,557,135,12,3),(1194,565,135,12,4),(1195,572,135,12,5),(1196,573,135,12,3),(1197,586,135,12,5),(1198,597,135,12,2),(1199,606,135,12,2),(1200,615,135,12,5),(1201,616,135,12,4),(1202,621,135,12,2),(1203,627,135,12,3),(1204,695,135,12,2),(1205,699,135,12,5),(1206,721,135,12,3),(1207,734,135,12,4),(1208,756,135,12,5),(1209,768,135,12,4),(1210,789,135,12,3),(1211,815,135,12,2),(1212,822,135,12,5),(1213,842,135,12,2),(1214,846,135,12,3),(1215,858,135,12,4),(1216,168,135,4,5),(1217,182,135,4,4),(1218,189,135,4,2),(1219,198,135,4,4),(1220,205,135,4,2),(1221,216,135,4,4),(1222,219,135,4,2),(1223,225,135,4,2),(1224,228,135,4,3),(1225,239,135,4,4),(1226,240,135,4,5),(1227,243,135,4,2),(1228,258,135,4,2),(1229,277,135,4,5),(1230,329,135,4,5),(1231,351,135,4,2),(1232,359,135,4,5),(1233,380,135,4,5),(1234,387,135,4,4),(1235,416,135,4,3),(1236,426,135,4,3),(1237,452,135,4,2),(1238,485,135,4,4),(1239,495,135,4,2),(1240,500,135,4,5),(1241,503,135,4,2),(1242,508,135,4,5),(1243,513,135,4,2),(1244,530,135,4,4),(1245,531,135,4,5),(1246,540,135,4,2),(1247,541,135,4,3),(1248,545,135,4,3),(1249,554,135,4,5),(1250,567,135,4,4),(1251,589,135,4,2),(1252,593,135,4,2),(1253,598,135,4,4),(1254,604,135,4,5),(1255,618,135,4,5),(1256,634,135,4,3),(1257,656,135,4,5),(1258,665,135,4,2),(1259,666,135,4,3),(1260,684,135,4,2),(1261,686,135,4,4),(1262,688,135,4,3),(1263,690,135,4,5),(1264,691,135,4,5),(1265,694,135,4,3),(1266,697,135,4,4),(1267,698,135,4,4),(1268,707,135,4,2),(1269,716,135,4,2),(1270,740,135,4,2),(1271,741,135,4,3),(1272,746,135,4,2),(1273,769,135,4,2),(1274,787,135,4,2),(1275,795,135,4,4),(1276,803,135,4,2),(1277,804,135,4,2),(1278,825,135,4,2),(1279,827,135,4,2),(1280,832,135,4,5),(1281,837,135,4,4),(1282,845,135,4,5),(1283,849,135,4,5),(1284,853,135,4,2),(1285,863,135,4,5),(1286,872,135,4,4),(1287,886,135,4,4),(1288,168,135,12,2),(1289,182,135,12,5),(1290,189,135,12,3),(1291,198,135,12,5),(1292,205,135,12,3),(1293,216,135,12,2),(1294,219,135,12,3),(1295,225,135,12,5),(1296,228,135,12,2),(1297,239,135,12,2),(1298,240,135,12,4),(1299,243,135,12,4),(1300,258,135,12,4),(1301,277,135,12,2),(1302,329,135,12,4),(1303,351,135,12,3),(1304,359,135,12,3),(1305,380,135,12,2),(1306,387,135,12,2),(1307,416,135,12,3),(1308,426,135,12,4),(1309,452,135,12,5),(1310,485,135,12,3),(1311,495,135,12,2),(1312,500,135,12,5),(1313,503,135,12,3),(1314,508,135,12,2),(1315,513,135,12,4),(1316,530,135,12,3),(1317,531,135,12,5),(1318,540,135,12,2),(1319,541,135,12,4),(1320,545,135,12,5),(1321,554,135,12,3),(1322,567,135,12,4),(1323,589,135,12,2),(1324,593,135,12,3),(1325,598,135,12,4),(1326,604,135,12,4),(1327,618,135,12,2),(1328,634,135,12,3),(1329,656,135,12,2),(1330,665,135,12,4),(1331,666,135,12,5),(1332,684,135,12,2),(1333,686,135,12,2),(1334,688,135,12,5),(1335,690,135,12,5),(1336,691,135,12,5),(1337,694,135,12,3),(1338,697,135,12,4),(1339,698,135,12,3),(1340,707,135,12,5),(1341,716,135,12,4),(1342,740,135,12,5),(1343,741,135,12,3),(1344,746,135,12,4),(1345,769,135,12,2),(1346,787,135,12,2),(1347,795,135,12,2),(1348,803,135,12,2),(1349,804,135,12,3),(1350,825,135,12,5),(1351,827,135,12,2),(1352,832,135,12,3),(1353,837,135,12,2),(1354,845,135,12,5),(1355,849,135,12,2),(1356,853,135,12,4),(1357,863,135,12,2),(1358,872,135,12,4),(1359,886,135,12,2),(1360,178,128,17,3),(1361,197,128,17,3),(1362,200,128,17,4),(1363,207,128,17,4),(1364,209,128,17,5),(1365,210,128,17,2),(1366,254,128,17,4),(1367,256,128,17,3),(1368,289,128,17,2),(1369,292,128,17,2),(1370,323,128,17,5),(1371,326,128,17,4),(1372,337,128,17,3),(1373,341,128,17,4),(1374,372,128,17,3),(1375,386,128,17,4),(1376,408,128,17,5),(1377,409,128,17,2),(1378,431,128,17,5),(1379,440,128,17,3),(1380,445,128,17,5),(1381,467,128,17,4),(1382,476,128,17,2),(1383,498,128,17,4),(1384,509,128,17,2),(1385,522,128,17,4),(1386,543,128,17,4),(1387,550,128,17,3),(1388,569,128,17,2),(1389,591,128,17,5),(1390,602,128,17,2),(1391,608,128,17,2),(1392,623,128,17,3),(1393,626,128,17,2),(1394,629,128,17,2),(1395,649,128,17,3),(1396,659,128,17,3),(1397,664,128,17,3),(1398,677,128,17,2),(1399,701,128,17,2),(1400,708,128,17,4),(1401,725,128,17,3),(1402,736,128,17,5),(1403,744,128,17,4),(1404,751,128,17,3),(1405,770,128,17,5),(1406,782,128,17,3),(1407,785,128,17,5),(1408,792,128,17,5),(1409,797,128,17,3),(1410,808,128,17,4),(1411,810,128,17,3),(1412,811,128,17,4),(1413,820,128,17,4),(1414,830,128,17,5),(1415,855,128,17,2),(1416,871,128,17,3),(1417,878,128,17,3),(1418,893,128,17,4),(1419,894,128,17,3),(1420,895,128,17,5),(1421,896,128,17,4),(1422,158,142,16,4),(1423,161,142,16,2),(1424,165,142,16,3),(1425,174,142,16,2),(1426,201,142,16,4),(1427,214,142,16,3),(1428,232,142,16,5),(1429,244,142,16,2),(1430,249,142,16,5),(1431,251,142,16,5),(1432,274,142,16,5),(1433,278,142,16,3),(1434,280,142,16,4),(1435,294,142,16,3),(1436,321,142,16,2),(1437,333,142,16,2),(1438,347,142,16,2),(1439,360,142,16,4),(1440,361,142,16,2),(1441,368,142,16,2),(1442,369,142,16,3),(1443,392,142,16,2),(1444,395,142,16,4),(1445,403,142,16,2),(1446,406,142,16,4),(1447,429,142,16,3),(1448,435,142,16,2),(1449,455,142,16,2),(1450,457,142,16,4),(1451,491,142,16,3),(1452,493,142,16,5),(1453,520,142,16,5),(1454,526,142,16,5),(1455,536,142,16,5),(1456,559,142,16,4),(1457,566,142,16,5),(1458,570,142,16,3),(1459,575,142,16,2),(1460,576,142,16,4),(1461,587,142,16,4),(1462,600,142,16,3),(1463,611,142,16,3),(1464,614,142,16,2),(1465,619,142,16,3),(1466,651,142,16,2),(1467,652,142,16,4),(1468,662,142,16,5),(1469,669,142,16,3),(1470,693,142,16,5),(1471,696,142,16,4),(1472,704,142,16,5),(1473,714,142,16,4),(1474,724,142,16,5),(1475,735,142,16,4),(1476,764,142,16,2),(1477,766,142,16,4),(1478,805,142,16,5),(1479,823,142,16,3),(1480,824,142,16,4),(1481,831,142,16,3),(1482,838,142,16,2),(1483,840,142,16,5),(1484,841,142,16,3),(1485,856,142,16,4),(1486,897,142,16,5),(1487,898,142,16,2),(1488,184,137,8,3),(1489,194,137,8,3),(1490,208,137,8,5),(1491,221,137,8,2),(1492,224,137,8,3),(1493,226,137,8,5),(1494,270,137,8,3),(1495,276,137,8,5),(1496,283,137,8,4),(1497,290,137,8,2),(1498,300,137,8,2),(1499,301,137,8,2),(1500,303,137,8,2),(1501,315,137,8,2),(1502,325,137,8,2),(1503,346,137,8,2),(1504,356,137,8,5),(1505,370,137,8,4),(1506,371,137,8,3),(1507,376,137,8,4),(1508,385,137,8,5),(1509,393,137,8,4),(1510,400,137,8,2),(1511,404,137,8,3),(1512,413,137,8,2),(1513,421,137,8,2),(1514,425,137,8,5),(1515,468,137,8,2),(1516,488,137,8,5),(1517,525,137,8,3),(1518,528,137,8,5),(1519,546,137,8,3),(1520,547,137,8,3),(1521,555,137,8,2),(1522,574,137,8,4),(1523,584,137,8,3),(1524,599,137,8,4),(1525,607,137,8,2),(1526,612,137,8,5),(1527,647,137,8,2),(1528,657,137,8,5),(1529,672,137,8,2),(1530,674,137,8,3),(1531,678,137,8,2),(1532,683,137,8,2),(1533,711,137,8,3),(1534,712,137,8,2),(1535,731,137,8,4),(1536,733,137,8,3),(1537,743,137,8,2),(1538,748,137,8,4),(1539,750,137,8,2),(1540,760,137,8,5),(1541,761,137,8,4),(1542,790,137,8,2),(1543,791,137,8,2),(1544,796,137,8,3),(1545,800,137,8,5),(1546,817,137,8,3),(1547,818,137,8,4),(1548,819,137,8,4),(1549,847,137,8,4),(1550,850,137,8,3),(1551,851,137,8,3),(1552,857,137,8,2),(1553,860,137,8,5),(1554,870,137,8,5),(1555,885,137,8,4),(1556,887,137,8,3);
/*!40000 ALTER TABLE `student_study_plan_control_result` ENABLE KEYS */;
UNLOCK TABLES;

--
-- Table structure for table `study_control_type`
--

DROP TABLE IF EXISTS `study_control_type`;
/*!40101 SET @saved_cs_client     = @@character_set_client */;
/*!50503 SET character_set_client = utf8mb4 */;
CREATE TABLE `study_control_type` (
  `id` int NOT NULL AUTO_INCREMENT,
  `name` varchar(45) NOT NULL,
  PRIMARY KEY (`id`),
  UNIQUE KEY `name_UNIQUE` (`name`)
) ENGINE=InnoDB AUTO_INCREMENT=7 DEFAULT CHARSET=utf8;
/*!40101 SET character_set_client = @saved_cs_client */;

--
-- Dumping data for table `study_control_type`
--

LOCK TABLES `study_control_type` WRITE;
/*!40000 ALTER TABLE `study_control_type` DISABLE KEYS */;
INSERT INTO `study_control_type` VALUES (4,'Іспит'),(6,'Дипломна робота'),(2,'Есей'),(5,'Залік'),(1,'Контрольна робота'),(3,'Курсова робота');
/*!40000 ALTER TABLE `study_control_type` ENABLE KEYS */;
UNLOCK TABLES;

--
-- Table structure for table `studying_work_type`
--

DROP TABLE IF EXISTS `studying_work_type`;
/*!40101 SET @saved_cs_client     = @@character_set_client */;
/*!50503 SET character_set_client = utf8mb4 */;
CREATE TABLE `studying_work_type` (
  `id` int NOT NULL AUTO_INCREMENT,
  `name` varchar(45) NOT NULL,
  PRIMARY KEY (`id`),
  UNIQUE KEY `name_UNIQUE` (`name`)
) ENGINE=InnoDB AUTO_INCREMENT=6 DEFAULT CHARSET=utf8;
/*!40101 SET character_set_client = @saved_cs_client */;

--
-- Dumping data for table `studying_work_type`
--

LOCK TABLES `studying_work_type` WRITE;
/*!40000 ALTER TABLE `studying_work_type` DISABLE KEYS */;
INSERT INTO `studying_work_type` VALUES (2,'Лабораторна робота'),(1,'Лекція'),(3,'Практична робота'),(4,'Самостійне завдання'),(5,'Семінар');
/*!40000 ALTER TABLE `studying_work_type` ENABLE KEYS */;
UNLOCK TABLES;

--
-- Table structure for table `teacher_rank`
--

DROP TABLE IF EXISTS `teacher_rank`;
/*!40101 SET @saved_cs_client     = @@character_set_client */;
/*!50503 SET character_set_client = utf8mb4 */;
CREATE TABLE `teacher_rank` (
  `id` int NOT NULL AUTO_INCREMENT,
  `required_sci_title_id` int NOT NULL,
  `name` varchar(45) NOT NULL,
  PRIMARY KEY (`id`),
  UNIQUE KEY `name_UNIQUE` (`name`),
  KEY `fk_teacher_rank_sci_title1_idx` (`required_sci_title_id`),
  CONSTRAINT `fk_teacher_rank_sci_title1` FOREIGN KEY (`required_sci_title_id`) REFERENCES `sci_title` (`id`)
) ENGINE=InnoDB AUTO_INCREMENT=16 DEFAULT CHARSET=utf8;
/*!40101 SET character_set_client = @saved_cs_client */;

--
-- Dumping data for table `teacher_rank`
--

LOCK TABLES `teacher_rank` WRITE;
/*!40000 ALTER TABLE `teacher_rank` DISABLE KEYS */;
INSERT INTO `teacher_rank` VALUES (11,1,'Асистент'),(12,1,'Викладач'),(13,1,'Старший викладач'),(14,3,'Доцент'),(15,3,'Професор');
/*!40000 ALTER TABLE `teacher_rank` ENABLE KEYS */;
UNLOCK TABLES;

--
-- Table structure for table `university`
--

DROP TABLE IF EXISTS `university`;
/*!40101 SET @saved_cs_client     = @@character_set_client */;
/*!50503 SET character_set_client = utf8mb4 */;
CREATE TABLE `university` (
  `id` int NOT NULL AUTO_INCREMENT,
  `name` varchar(255) NOT NULL,
  `city` varchar(45) NOT NULL,
  `address` varchar(128) NOT NULL,
  PRIMARY KEY (`id`),
  UNIQUE KEY `name_UNIQUE` (`name`)
) ENGINE=InnoDB AUTO_INCREMENT=2 DEFAULT CHARSET=utf8;
/*!40101 SET character_set_client = @saved_cs_client */;

--
-- Dumping data for table `university`
--

LOCK TABLES `university` WRITE;
/*!40000 ALTER TABLE `university` DISABLE KEYS */;
INSERT INTO `university` VALUES (1,'Мега Університет','місто Мрії','просп. Науки 1');
/*!40000 ALTER TABLE `university` ENABLE KEYS */;
UNLOCK TABLES;

--
-- Final view structure for view `PersonAllowedTeacherRank`
--

/*!50001 DROP VIEW IF EXISTS `PersonAllowedTeacherRank`*/;
/*!50001 SET @saved_cs_client          = @@character_set_client */;
/*!50001 SET @saved_cs_results         = @@character_set_results */;
/*!50001 SET @saved_col_connection     = @@collation_connection */;
/*!50001 SET character_set_client      = utf8mb4 */;
/*!50001 SET character_set_results     = utf8mb4 */;
/*!50001 SET collation_connection      = utf8mb4_0900_ai_ci */;
/*!50001 CREATE ALGORITHM=UNDEFINED */
/*!50013 DEFINER=`db_coursework_user`@`%` SQL SECURITY DEFINER */
/*!50001 VIEW `PersonAllowedTeacherRank` AS select `p`.`id` AS `person_id`,`p`.`name` AS `person_name`,`p`.`surname` AS `person_surname`,`st`.`name` AS `sci_title`,`tr`.`id` AS `teacher_rank_id`,`tr`.`name` AS `teacher_rank_name` from (((`person` `p` join `person_sci_career` `psc` on((`p`.`id` = `psc`.`person_id`))) join `sci_title` `st` on((`st`.`id` = `psc`.`sci_title_id`))) join `teacher_rank` `tr` on((`tr`.`required_sci_title_id` <= `st`.`id`))) */;
/*!50001 SET character_set_client      = @saved_cs_client */;
/*!50001 SET character_set_results     = @saved_cs_results */;
/*!50001 SET collation_connection      = @saved_col_connection */;

--
-- Final view structure for view `RandomCathedraTeachers`
--

/*!50001 DROP VIEW IF EXISTS `RandomCathedraTeachers`*/;
/*!50001 SET @saved_cs_client          = @@character_set_client */;
/*!50001 SET @saved_cs_results         = @@character_set_results */;
/*!50001 SET @saved_col_connection     = @@collation_connection */;
/*!50001 SET character_set_client      = utf8mb4 */;
/*!50001 SET character_set_results     = utf8mb4 */;
/*!50001 SET collation_connection      = utf8mb4_0900_ai_ci */;
/*!50001 CREATE ALGORITHM=UNDEFINED */
/*!50013 DEFINER=`db_coursework_user`@`%` SQL SECURITY DEFINER */
/*!50001 VIEW `RandomCathedraTeachers` AS select `ct`.`id` AS `teacher_id`,`ct`.`cathedra_id` AS `cathedra_id`,rand() AS `rnd` from `cathedra_teacher` `ct` order by rand() desc */;
/*!50001 SET character_set_client      = @saved_cs_client */;
/*!50001 SET character_set_results     = @saved_cs_results */;
/*!50001 SET collation_connection      = @saved_col_connection */;
/*!40103 SET TIME_ZONE=@OLD_TIME_ZONE */;

/*!40101 SET SQL_MODE=@OLD_SQL_MODE */;
/*!40014 SET FOREIGN_KEY_CHECKS=@OLD_FOREIGN_KEY_CHECKS */;
/*!40014 SET UNIQUE_CHECKS=@OLD_UNIQUE_CHECKS */;
/*!40101 SET CHARACTER_SET_CLIENT=@OLD_CHARACTER_SET_CLIENT */;
/*!40101 SET CHARACTER_SET_RESULTS=@OLD_CHARACTER_SET_RESULTS */;
/*!40101 SET COLLATION_CONNECTION=@OLD_COLLATION_CONNECTION */;
/*!40111 SET SQL_NOTES=@OLD_SQL_NOTES */;

-- Dump completed on 2021-11-08  0:08:39
